,file,lable,proto,c_sum,c_pkts_num,c_duration,c_speed,c_max,c_min,c_mean,c_var,c_std,c_10_p,c_20_p,c_30_p,c_40_p,c_50_p,c_60_p,c_70_p,c_80_p,c_90_p,s_sum,s_pkts_num,s_duration,s_speed,s_max,s_min,s_mean,s_var,s_std,s_10_p,s_20_p,s_30_p,s_40_p,s_50_p,s_60_p,s_70_p,s_80_p,s_90_p,t_sum,t_pkts_num,t_duration,t_speed,t_max,t_min,t_mean,t_var,t_std,t_10_p,t_20_p,t_30_p,t_40_p,t_50_p,t_60_p,t_70_p,t_80_p,t_90_p,tcp_flag,tls_version,certs,sni
0,1.csv_6_10.12.28.101_49169_103.198.0.2_443.csv,4,1,0,0,0,0,0,0,0,0,0,0,0,0,0,0,0,0,0,0,1304,15,119.61033400000001,10.902068043719366,397,40,86.93333333333334,10044.595555555554,103.74038108020746,40.0,40.0,40.0,40.0,40.0,40.0,40.0,82.80000000000017,207.8,1304,15,119.61033400000001,10.902068043719366,397,40,86.93333333333334,10044.595555555554,103.74038108020746,40.0,40.0,40.0,40.0,40.0,40.0,40.0,82.80000000000017,207.8,0x0002;0x0002;0x0010;0x0018;0x0010;0x0010;0x0010;0x0010;0x0018;0x0010;0x0018;0x0010;0x0010;0x0010;0x0011;0x0014,0x0303;0x0303;0x0303,,topyzscsu5poprxy.onion.link
1,1.csv_6_10.12.28.101_49169_103.198.0.2_443.csv,4,1,0,0,0,0,0,0,0,0,0,0,0,0,0,0,0,0,0,0,7452,14,119.48882200000001,62.36566630475275,1495,40,532.2857142857143,377036.7755102041,637.2123699329795,40.0,40.0,40.0,57.000000000000014,120.0,193.39999999999998,1316.0,1316.0,1316.0,7452,14,119.48882200000001,62.36566630475275,1495,40,532.2857142857143,377036.7755102041,637.2123699329795,40.0,40.0,40.0,57.000000000000014,120.0,193.39999999999998,1316.0,1316.0,1316.0,0x0012;0x0012;0x0010;0x0018;0x0018;0x0018;0x0018;0x0010;0x0018;0x0010;0x0018;0x0018;0x0018;0x0019;0x0010,0x0303;0x0303;0x0303;0x0303;0x0303,3082064d30820535a003020102021100d562e1239af50f88ee4ab924a6f3a254300d06092a864886f70d01010b0500308190310b3009060355040613024742311b30190603550408131247726561746572204d616e636865737465723110300e0603550407130753616c666f7264311a3018060355040a1311434f4d4f444f204341204c696d69746564313630340603550403132d434f4d4f444f2052534120446f6d61696e2056616c69646174696f6e2053656375726520536572766572204341301e170d3137303530313030303030305a170d3139303530313233353935395a305a3121301f060355040b1318446f6d61696e20436f6e74726f6c2056616c696461746564311e301c060355040b1315457373656e7469616c53534c2057696c64636172643115301306035504030c0c2a2e6f6e696f6e2e6c696e6b30820222300d06092a864886f70d01010105000382020f003082020a0282020100b03731aa0e5ed01484d94079a89efc4d2b4bd3d0c9172ef1364e17532fedb159ddfc04636ea9b6a0db8fa3946bfcf0f94fbf6970ed5111997f94653e83d6eec96d794a71b7c7ff9cdbeb63610a42c77774433ac5399d9b60193934ee1fc0c76c9c377a4109e663f89027f887dc5cacb797b8136ba906a06817688d7faad413358d24c7fb8196f518d995294ce77c046c9c3e1576eb17e91572b6670d21238af2dde190f5b266700e513832d45be4d43a73c818430167ae8bef5d91d61c426c65e51f7651eb2c0dddcdea2a3d4d503ebb6ad51970dfc6655f375cc78694f4d23c68ee02b18071ae2643a5645cd1c792fba4376462e3eda295ffffe56c1c04abeede539b142e3c7d08be20b36304f268ae4fe91016b9f8a878fa86fe46564c27de054f8fcd8b660a67eca84d7d3c3c89593fa8bf4b6dd74ce58dbb71845a60e9eb4703abf9ee15f2f02c963c22e304d2565f62a15ba7b80c895853230d63582e2d508a887db3d2c02529491e4b2a99226f792ff7eeb1e5054f9041c4b9d237820724dd873f14e21e4052d5b686f3249b4a0b66acaca421d96efd72a9b80a0494d76a2ac1b0baa26bb81a94b13cd980a5c8f08ccd282e8c5c494f75e80bd794fb636e9277ff5dac5d38044af7113a333c3a3ea96341c5f345526362c43bd61431a3cdc7d185aba5a088a2614fc3dd663eef4b790aa3fadf366ccdca2d1e8461bc950203010001a38201d5308201d1301f0603551d2304183016801490af6a3a945a0bd890ea125673df43b43a28dae7301d0603551d0e041604140840eb965809cab9e8ceefefec4ebb9a2aa3ac89300e0603551d0f0101ff0404030205a0300c0603551d130101ff04023000301d0603551d250416301406082b0601050507030106082b06010505070302304f0603551d2004483046303a060b2b06010401b23101020207302b302906082b06010505070201161d68747470733a2f2f7365637572652e636f6d6f646f2e636f6d2f4350533008060667810c01020130540603551d1f044d304b3049a047a0458643687474703a2f2f63726c2e636f6d6f646f63612e636f6d2f434f4d4f444f525341446f6d61696e56616c69646174696f6e53656375726553657276657243412e63726c30818506082b0601050507010104793077304f06082b060105050730028643687474703a2f2f6372742e636f6d6f646f63612e636f6d2f434f4d4f444f525341446f6d61696e56616c69646174696f6e53656375726553657276657243412e637274302406082b060105050730018618687474703a2f2f6f6373702e636f6d6f646f63612e636f6d30230603551d11041c301a820c2a2e6f6e696f6e2e6c696e6b820a6f6e696f6e2e6c696e6b300d06092a864886f70d01010b050003820101008592c43a09c011bf721b7b22688913d43ce5f957880083122e9b46fd6e3a2ad4fc6295806051cb74a81de534bdc7a4fa3d9b916ebf559846784122e360460e1af5646666cbe71f83932f53e5656e468fbfc7d5159851de1130dac3dac928f803e1122cd5509e0bad328357cf30194af9c070433de267cbfbe70360c2361c55fadd3c500afd910e20267438f4d3998d82d8b7660a1502771ab2d3eea6e22186a53b040b55f344888feb2d5373e378be633aee57aaa805dd19c34c9198261085f1224685e5e320653202cef1565e2afc4ea5dbb2a863da4c8bd27e072d45509e54bc4a79ac6217a3a931892485bc14b3ad06e25b46b9cd680aabba3f08db9e6acd;30820608308203f0a00302010202102b2e6eead975366c148a6edba37c8c07300d06092a864886f70d01010c0500308185310b3009060355040613024742311b30190603550408131247726561746572204d616e636865737465723110300e0603550407130753616c666f7264311a3018060355040a1311434f4d4f444f204341204c696d69746564312b302906035504031322434f4d4f444f205253412043657274696669636174696f6e20417574686f72697479301e170d3134303231323030303030305a170d3239303231313233353935395a308190310b3009060355040613024742311b30190603550408131247726561746572204d616e636865737465723110300e0603550407130753616c666f7264311a3018060355040a1311434f4d4f444f204341204c696d69746564313630340603550403132d434f4d4f444f2052534120446f6d61696e2056616c69646174696f6e205365637572652053657276657220434130820122300d06092a864886f70d01010105000382010f003082010a02820101008ec20219e1a059a4eb38358d2cfd01d0d349c064c70b620545163aa8a0c00c027f1dccdbc4a16d7703a30f86f9e3069c3e0b818a9b491bad03befa4bdb8c20edd5ce5e658e3e0daf4cc2b0b7455e522f34de482464b441ae0097f7be67de9ed07aa753803b7cadf596556f97470a7c858b22978db384e09657d0701860968fee2d07939da1bacad1cd7be9c42a9a2821914d6f924f25a5f27a35dd26dc46a5d0ac59358cff4e9143503f59931e6c5121ee5814abfe7550783e4cb01c8613fa6b98bce03b941e8552dc039324186ecb275145e670de2543a40de14aa5edb67ec8cd6dee2e1d27735ddc453080aae3b2410bafbd4487dab9e51b9d7faee58582a50203010001a382016530820161301f0603551d23041830168014bbaf7e023dfaa6f13c848eadee3898ecd93232d4301d0603551d0e0416041490af6a3a945a0bd890ea125673df43b43a28dae7300e0603551d0f0101ff04040302018630120603551d130101ff040830060101ff020100301d0603551d250416301406082b0601050507030106082b06010505070302301b0603551d200414301230060604551d20003008060667810c010201304c0603551d1f044530433041a03fa03d863b687474703a2f2f63726c2e636f6d6f646f63612e636f6d2f434f4d4f444f52534143657274696669636174696f6e417574686f726974792e63726c307106082b0601050507010104653063303b06082b06010505073002862f687474703a2f2f6372742e636f6d6f646f63612e636f6d2f434f4d4f444f525341416464547275737443412e637274302406082b060105050730018618687474703a2f2f6f6373702e636f6d6f646f63612e636f6d300d06092a864886f70d01010c050003820201004e2b764f921c623689ba77c12705f41cd6449da99a3eaad56666013eea49e6a235bcfaf6dd958e9935980e361875b1dddd50727caedc7788ce0ff79020caa3672e1f567f7be144ea4295c45d0d01504615f28189596c8add8cf112a18d3a428a98f84b347b273b08b46f243b729d6374583c1a6c3f4fc7119ac8a8f5b537ef1045c66cd9e05e9526b3ebada3b9ee7f0c9a66357332604ee5dd8a612c6e5211776896d318755115001b7488dde1c738044328e916fdd905d45d472760d6fb383b6c72a294f8421adfed6f068c45c20600aae4e8dcd9b5e17378ecf623dcd1dd6c8e1a8fa5ea547c96b7c3fe558e8d495efc64bbcf3ebd96eb69cdbfe048f1628210e50c4657f233dad0c863edc61f9405964a1a91d1f7ebcf8f52ae0d08d93ea8a051e9c18774d5c9f774ab2e53fbbb7afb97e2f81f268fb3d2a0e0375b283b31e50e572d5ab8ad79ac5e20661aa5b9a6b539c1f59843ffeef9a7a7fdeeca243d8016c4178f8ac160a10cae5b4347914bd59a175ff9d487c1c28cb7e7e20f30193786ace0dc4203e694a89daefd0f245194ce9208d1fc50f003407b8859ed0eddacd2778234dc069502d890f92dea37d51a60d06720d7d8420b45af8268dedd66243790299419461925b880d7cbd486286a4470262362a99f866fbfba9070d256778578efea25a917ce50728c003aaae3db63349ff8067101e28220d4fe6fbdb1;308205743082045ca00302010202102766ee56eb49f38eabd770a2fc84de22300d06092a864886f70d01010c0500306f310b300906035504061302534531143012060355040a130b416464547275737420414231263024060355040b131d41646454727573742045787465726e616c20545450204e6574776f726b312230200603550403131941646454727573742045787465726e616c20434120526f6f74301e170d3030303533303130343833385a170d3230303533303130343833385a308185310b3009060355040613024742311b30190603550408131247726561746572204d616e636865737465723110300e0603550407130753616c666f7264311a3018060355040a1311434f4d4f444f204341204c696d69746564312b302906035504031322434f4d4f444f205253412043657274696669636174696f6e20417574686f7269747930820222300d06092a864886f70d01010105000382020f003082020a028202010091e85492d20a56b1ac0d24ddc5cf446774992b37a37d23700071bc53dfc4fa2a128f4b7f1056bd9f7072b7617fc94b0f17a73de3b00461eeff1197c7f4863e0afa3e5cf993e6347ad9146be79cb385a0827a76af7190d7ecfd0dfa9c6cfadfb082f4147ef9bec4a62f4f7f997fb5fc674372bd0c00d689eb6b2cd3ed8f981c14ab7ee5e36efcd8a8e49224da436b62b855fdeac1bc6cb68bf30e8d9ae49b6c6999f878483045d5ade10d3c4560fc32965127bc67c3ca2eb66bea46c7c720a0b11f65de4808baa44ea9f283463784ebe8cc814843674e722a9b5cbd4c1b288a5c227bb4ab98d9eee05183c309464e6d3e99fa9517da7c3357413c8d51ed0bb65caf2c631adf57c83fbce95dc49baf4599e2a35a24b4baa9563dcf6faaff4958bef0a8fff4b8ade937fbbab8f40b3af9e843421e89d884cb13f1d9bbe18960b88c2856ac141d9c0ae771ebcf0edd3da996a148bd3cf7afb50d224cc01181ec563bf6d3a2e25bb7b204225295809369e88e4c65f191032d707402ea8b671529695202bbd7df506a5546bfa0a328617f70d0c3a2aa2c21aa47ce289c064576bf821827b4d5aeb4cb50e66bf44c867130e9a6df1686e0d8ff40ddfbd042887fa3333a2e5c1e41118163ce18716b2beca68ab7315c3a6a47e0c37959d6201aaff26a98aa72bc574ad24b9dbb10fcb04c41e5ed1d3d5e289d9cccbfb351daa747e584530203010001a381f43081f1301f0603551d23041830168014adbd987a34b426f7fac42654ef03bde024cb541a301d0603551d0e04160414bbaf7e023dfaa6f13c848eadee3898ecd93232d4300e0603551d0f0101ff040403020186300f0603551d130101ff040530030101ff30110603551d20040a300830060604551d200030440603551d1f043d303b3039a037a0358633687474703a2f2f63726c2e7573657274727573742e636f6d2f416464547275737445787465726e616c4341526f6f742e63726c303506082b0601050507010104293027302506082b060105050730018619687474703a2f2f6f6373702e7573657274727573742e636f6d300d06092a864886f70d01010c0500038201010064bf83f15f9a85d0cdb8a129570de85af7d1e93ef276046ef15270bb1e3cff4d0d746acc818225d3c3a02a5d4cf5ba8ba16dc4540975c7e3270e5d847937401377f5b4ac1cd03bab1712d6ef34187e2be979d3ab57450caf28fad0dbe5509588bbdf8557697d92d852ca7381bf1cf3e6b86e661105b31e942d7f91959259f14ccea391714c7c470c3b0b19f6a1b16c863e5caac42e82cbf90796ba484d90f294c8a973a2eb067b239ddea2f34d559f7a6145981868c75e406b23f5797aef8cb56b8bb76f46f47bf13d4b04d89380595ae041241db28f15605847dbef6e46fd15f5d95f9ab3dbd8b8e440b3cd9739ae85bb1d8ebcdc879bd1a6eff13b6f10386f,
2,0.csv_6_10.12.27.102_49172_103.198.0.2_443.csv,4,1,0,0,0,0,0,0,0,0,0,0,0,0,0,0,0,0,0,0,1184,12,119.704833,9.890995796301725,397,40,98.66666666666667,11867.388888888889,113.78155572957519,40.0,40.0,40.0,40.0,40.0,40.0,48.39999999999999,175.2000000000001,208.7,1184,12,119.704833,9.890995796301725,397,40,98.66666666666667,11867.388888888889,113.78155572957519,40.0,40.0,40.0,40.0,40.0,40.0,48.39999999999999,175.2000000000001,208.7,0x0002;0x0002;0x0010;0x0018;0x0010;0x0010;0x0010;0x0018;0x0010;0x0018;0x0010;0x0010;0x0011,0x0303;0x0303;0x0303,,topyzscsu5poprxy.onion.link
3,0.csv_6_10.12.27.102_49172_103.198.0.2_443.csv,4,1,0,0,0,0,0,0,0,0,0,0,0,0,0,0,0,0,0,0,7372,12,82.76038899999999,89.07643002982987,1495,40,614.3333333333334,428694.22222222225,683.8614071889306,40.0,40.0,41.2,70.00000000000003,120.0,841.9999999999995,1316.0,1316.0,1468.1000000000001,7372,12,82.76038899999999,89.07643002982987,1495,40,614.3333333333334,428694.22222222225,683.8614071889306,40.0,40.0,41.2,70.00000000000003,120.0,841.9999999999995,1316.0,1316.0,1468.1000000000001,0x0012;0x0012;0x0010;0x0018;0x0018;0x0018;0x0018;0x0010;0x0018;0x0010;0x0018;0x0018;0x0019,0x0303;0x0303;0x0303;0x0303;0x0303,3082064d30820535a003020102021100d562e1239af50f88ee4ab924a6f3a254300d06092a864886f70d01010b0500308190310b3009060355040613024742311b30190603550408131247726561746572204d616e636865737465723110300e0603550407130753616c666f7264311a3018060355040a1311434f4d4f444f204341204c696d69746564313630340603550403132d434f4d4f444f2052534120446f6d61696e2056616c69646174696f6e2053656375726520536572766572204341301e170d3137303530313030303030305a170d3139303530313233353935395a305a3121301f060355040b1318446f6d61696e20436f6e74726f6c2056616c696461746564311e301c060355040b1315457373656e7469616c53534c2057696c64636172643115301306035504030c0c2a2e6f6e696f6e2e6c696e6b30820222300d06092a864886f70d01010105000382020f003082020a0282020100b03731aa0e5ed01484d94079a89efc4d2b4bd3d0c9172ef1364e17532fedb159ddfc04636ea9b6a0db8fa3946bfcf0f94fbf6970ed5111997f94653e83d6eec96d794a71b7c7ff9cdbeb63610a42c77774433ac5399d9b60193934ee1fc0c76c9c377a4109e663f89027f887dc5cacb797b8136ba906a06817688d7faad413358d24c7fb8196f518d995294ce77c046c9c3e1576eb17e91572b6670d21238af2dde190f5b266700e513832d45be4d43a73c818430167ae8bef5d91d61c426c65e51f7651eb2c0dddcdea2a3d4d503ebb6ad51970dfc6655f375cc78694f4d23c68ee02b18071ae2643a5645cd1c792fba4376462e3eda295ffffe56c1c04abeede539b142e3c7d08be20b36304f268ae4fe91016b9f8a878fa86fe46564c27de054f8fcd8b660a67eca84d7d3c3c89593fa8bf4b6dd74ce58dbb71845a60e9eb4703abf9ee15f2f02c963c22e304d2565f62a15ba7b80c895853230d63582e2d508a887db3d2c02529491e4b2a99226f792ff7eeb1e5054f9041c4b9d237820724dd873f14e21e4052d5b686f3249b4a0b66acaca421d96efd72a9b80a0494d76a2ac1b0baa26bb81a94b13cd980a5c8f08ccd282e8c5c494f75e80bd794fb636e9277ff5dac5d38044af7113a333c3a3ea96341c5f345526362c43bd61431a3cdc7d185aba5a088a2614fc3dd663eef4b790aa3fadf366ccdca2d1e8461bc950203010001a38201d5308201d1301f0603551d2304183016801490af6a3a945a0bd890ea125673df43b43a28dae7301d0603551d0e041604140840eb965809cab9e8ceefefec4ebb9a2aa3ac89300e0603551d0f0101ff0404030205a0300c0603551d130101ff04023000301d0603551d250416301406082b0601050507030106082b06010505070302304f0603551d2004483046303a060b2b06010401b23101020207302b302906082b06010505070201161d68747470733a2f2f7365637572652e636f6d6f646f2e636f6d2f4350533008060667810c01020130540603551d1f044d304b3049a047a0458643687474703a2f2f63726c2e636f6d6f646f63612e636f6d2f434f4d4f444f525341446f6d61696e56616c69646174696f6e53656375726553657276657243412e63726c30818506082b0601050507010104793077304f06082b060105050730028643687474703a2f2f6372742e636f6d6f646f63612e636f6d2f434f4d4f444f525341446f6d61696e56616c69646174696f6e53656375726553657276657243412e637274302406082b060105050730018618687474703a2f2f6f6373702e636f6d6f646f63612e636f6d30230603551d11041c301a820c2a2e6f6e696f6e2e6c696e6b820a6f6e696f6e2e6c696e6b300d06092a864886f70d01010b050003820101008592c43a09c011bf721b7b22688913d43ce5f957880083122e9b46fd6e3a2ad4fc6295806051cb74a81de534bdc7a4fa3d9b916ebf559846784122e360460e1af5646666cbe71f83932f53e5656e468fbfc7d5159851de1130dac3dac928f803e1122cd5509e0bad328357cf30194af9c070433de267cbfbe70360c2361c55fadd3c500afd910e20267438f4d3998d82d8b7660a1502771ab2d3eea6e22186a53b040b55f344888feb2d5373e378be633aee57aaa805dd19c34c9198261085f1224685e5e320653202cef1565e2afc4ea5dbb2a863da4c8bd27e072d45509e54bc4a79ac6217a3a931892485bc14b3ad06e25b46b9cd680aabba3f08db9e6acd;30820608308203f0a00302010202102b2e6eead975366c148a6edba37c8c07300d06092a864886f70d01010c0500308185310b3009060355040613024742311b30190603550408131247726561746572204d616e636865737465723110300e0603550407130753616c666f7264311a3018060355040a1311434f4d4f444f204341204c696d69746564312b302906035504031322434f4d4f444f205253412043657274696669636174696f6e20417574686f72697479301e170d3134303231323030303030305a170d3239303231313233353935395a308190310b3009060355040613024742311b30190603550408131247726561746572204d616e636865737465723110300e0603550407130753616c666f7264311a3018060355040a1311434f4d4f444f204341204c696d69746564313630340603550403132d434f4d4f444f2052534120446f6d61696e2056616c69646174696f6e205365637572652053657276657220434130820122300d06092a864886f70d01010105000382010f003082010a02820101008ec20219e1a059a4eb38358d2cfd01d0d349c064c70b620545163aa8a0c00c027f1dccdbc4a16d7703a30f86f9e3069c3e0b818a9b491bad03befa4bdb8c20edd5ce5e658e3e0daf4cc2b0b7455e522f34de482464b441ae0097f7be67de9ed07aa753803b7cadf596556f97470a7c858b22978db384e09657d0701860968fee2d07939da1bacad1cd7be9c42a9a2821914d6f924f25a5f27a35dd26dc46a5d0ac59358cff4e9143503f59931e6c5121ee5814abfe7550783e4cb01c8613fa6b98bce03b941e8552dc039324186ecb275145e670de2543a40de14aa5edb67ec8cd6dee2e1d27735ddc453080aae3b2410bafbd4487dab9e51b9d7faee58582a50203010001a382016530820161301f0603551d23041830168014bbaf7e023dfaa6f13c848eadee3898ecd93232d4301d0603551d0e0416041490af6a3a945a0bd890ea125673df43b43a28dae7300e0603551d0f0101ff04040302018630120603551d130101ff040830060101ff020100301d0603551d250416301406082b0601050507030106082b06010505070302301b0603551d200414301230060604551d20003008060667810c010201304c0603551d1f044530433041a03fa03d863b687474703a2f2f63726c2e636f6d6f646f63612e636f6d2f434f4d4f444f52534143657274696669636174696f6e417574686f726974792e63726c307106082b0601050507010104653063303b06082b06010505073002862f687474703a2f2f6372742e636f6d6f646f63612e636f6d2f434f4d4f444f525341416464547275737443412e637274302406082b060105050730018618687474703a2f2f6f6373702e636f6d6f646f63612e636f6d300d06092a864886f70d01010c050003820201004e2b764f921c623689ba77c12705f41cd6449da99a3eaad56666013eea49e6a235bcfaf6dd958e9935980e361875b1dddd50727caedc7788ce0ff79020caa3672e1f567f7be144ea4295c45d0d01504615f28189596c8add8cf112a18d3a428a98f84b347b273b08b46f243b729d6374583c1a6c3f4fc7119ac8a8f5b537ef1045c66cd9e05e9526b3ebada3b9ee7f0c9a66357332604ee5dd8a612c6e5211776896d318755115001b7488dde1c738044328e916fdd905d45d472760d6fb383b6c72a294f8421adfed6f068c45c20600aae4e8dcd9b5e17378ecf623dcd1dd6c8e1a8fa5ea547c96b7c3fe558e8d495efc64bbcf3ebd96eb69cdbfe048f1628210e50c4657f233dad0c863edc61f9405964a1a91d1f7ebcf8f52ae0d08d93ea8a051e9c18774d5c9f774ab2e53fbbb7afb97e2f81f268fb3d2a0e0375b283b31e50e572d5ab8ad79ac5e20661aa5b9a6b539c1f59843ffeef9a7a7fdeeca243d8016c4178f8ac160a10cae5b4347914bd59a175ff9d487c1c28cb7e7e20f30193786ace0dc4203e694a89daefd0f245194ce9208d1fc50f003407b8859ed0eddacd2778234dc069502d890f92dea37d51a60d06720d7d8420b45af8268dedd66243790299419461925b880d7cbd486286a4470262362a99f866fbfba9070d256778578efea25a917ce50728c003aaae3db63349ff8067101e28220d4fe6fbdb1;308205743082045ca00302010202102766ee56eb49f38eabd770a2fc84de22300d06092a864886f70d01010c0500306f310b300906035504061302534531143012060355040a130b416464547275737420414231263024060355040b131d41646454727573742045787465726e616c20545450204e6574776f726b312230200603550403131941646454727573742045787465726e616c20434120526f6f74301e170d3030303533303130343833385a170d3230303533303130343833385a308185310b3009060355040613024742311b30190603550408131247726561746572204d616e636865737465723110300e0603550407130753616c666f7264311a3018060355040a1311434f4d4f444f204341204c696d69746564312b302906035504031322434f4d4f444f205253412043657274696669636174696f6e20417574686f7269747930820222300d06092a864886f70d01010105000382020f003082020a028202010091e85492d20a56b1ac0d24ddc5cf446774992b37a37d23700071bc53dfc4fa2a128f4b7f1056bd9f7072b7617fc94b0f17a73de3b00461eeff1197c7f4863e0afa3e5cf993e6347ad9146be79cb385a0827a76af7190d7ecfd0dfa9c6cfadfb082f4147ef9bec4a62f4f7f997fb5fc674372bd0c00d689eb6b2cd3ed8f981c14ab7ee5e36efcd8a8e49224da436b62b855fdeac1bc6cb68bf30e8d9ae49b6c6999f878483045d5ade10d3c4560fc32965127bc67c3ca2eb66bea46c7c720a0b11f65de4808baa44ea9f283463784ebe8cc814843674e722a9b5cbd4c1b288a5c227bb4ab98d9eee05183c309464e6d3e99fa9517da7c3357413c8d51ed0bb65caf2c631adf57c83fbce95dc49baf4599e2a35a24b4baa9563dcf6faaff4958bef0a8fff4b8ade937fbbab8f40b3af9e843421e89d884cb13f1d9bbe18960b88c2856ac141d9c0ae771ebcf0edd3da996a148bd3cf7afb50d224cc01181ec563bf6d3a2e25bb7b204225295809369e88e4c65f191032d707402ea8b671529695202bbd7df506a5546bfa0a328617f70d0c3a2aa2c21aa47ce289c064576bf821827b4d5aeb4cb50e66bf44c867130e9a6df1686e0d8ff40ddfbd042887fa3333a2e5c1e41118163ce18716b2beca68ab7315c3a6a47e0c37959d6201aaff26a98aa72bc574ad24b9dbb10fcb04c41e5ed1d3d5e289d9cccbfb351daa747e584530203010001a381f43081f1301f0603551d23041830168014adbd987a34b426f7fac42654ef03bde024cb541a301d0603551d0e04160414bbaf7e023dfaa6f13c848eadee3898ecd93232d4300e0603551d0f0101ff040403020186300f0603551d130101ff040530030101ff30110603551d20040a300830060604551d200030440603551d1f043d303b3039a037a0358633687474703a2f2f63726c2e7573657274727573742e636f6d2f416464547275737445787465726e616c4341526f6f742e63726c303506082b0601050507010104293027302506082b060105050730018619687474703a2f2f6f6373702e7573657274727573742e636f6d300d06092a864886f70d01010c0500038201010064bf83f15f9a85d0cdb8a129570de85af7d1e93ef276046ef15270bb1e3cff4d0d746acc818225d3c3a02a5d4cf5ba8ba16dc4540975c7e3270e5d847937401377f5b4ac1cd03bab1712d6ef34187e2be979d3ab57450caf28fad0dbe5509588bbdf8557697d92d852ca7381bf1cf3e6b86e661105b31e942d7f91959259f14ccea391714c7c470c3b0b19f6a1b16c863e5caac42e82cbf90796ba484d90f294c8a973a2eb067b239ddea2f34d559f7a6145981868c75e406b23f5797aef8cb56b8bb76f46f47bf13d4b04d89380595ae041241db28f15605847dbef6e46fd15f5d95f9ab3dbd8b8e440b3cd9739ae85bb1d8ebcdc879bd1a6eff13b6f10386f,
4,0.csv_6_10.12.27.102_49167_74.220.219.67_80.csv,4,1,0,0,0,0,0,0,0,0,0,0,0,0,0,0,0,0,0,0,514,6,119.36595600000001,4.30608539674411,302,40,85.66666666666667,9379.22222222222,106.08989898509031,40.0,40.0,40.0,40.0,40.0,40.0,46.0,52.0,177.0,514,6,119.36595600000001,4.30608539674411,302,40,85.66666666666667,9379.22222222222,106.08989898509031,40.0,40.0,40.0,40.0,40.0,40.0,46.0,52.0,177.0,0x0002;0x0002;0x0010;0x0018;0x0010;0x0010;0x0011,,,
5,0.csv_6_10.12.27.102_49167_74.220.219.67_80.csv,4,1,0,0,0,0,0,0,0,0,0,0,0,0,0,0,0,0,0,0,516,5,119.19525399999999,4.329031422677282,352,40,103.2,15477.760000000004,139.09421267615704,40.0,40.0,40.0,40.0,40.0,41.6,43.2,105.60000000000005,228.8,516,5,119.19525399999999,4.329031422677282,352,40,103.2,15477.760000000004,139.09421267615704,40.0,40.0,40.0,40.0,40.0,41.6,43.2,105.60000000000005,228.8,0x0012;0x0012;0x0010;0x0018;0x0019;0x0010,,,
6,1.csv_6_10.12.28.101_49168_103.198.0.2_443.csv,4,1,0,0,0,0,0,0,0,0,0,0,0,0,0,0,0,0,0,0,3031,17,229.748937,13.192661692271507,989,40,178.2941176470588,59597.148788927334,251.6385713443694,40.0,40.0,40.0,40.0,40.0,47.199999999999996,206.6,295.4000000000001,422.6,3031,17,229.748937,13.192661692271507,989,40,178.2941176470588,59597.148788927334,251.6385713443694,40.0,40.0,40.0,40.0,40.0,47.199999999999996,206.6,295.4000000000001,422.6,0x0002;0x0002;0x0010;0x0018;0x0010;0x0010;0x0018;0x0010;0x0018;0x0018;0x0010;0x0018;0x0010;0x0018;0x0010;0x0010;0x0011;0x0014,0x0303;0x0303;0x0303;0x0303;0x0303;0x0303,,topyzscsu5poprxy.onion.link
7,1.csv_6_10.12.28.101_49168_103.198.0.2_443.csv,4,1,0,0,0,0,0,0,0,0,0,0,0,0,0,0,0,0,0,0,9542,20,229.627421,41.554270646100235,1500,40,477.1,307317.09,568.7632844024046,40.0,40.0,40.0,42.400000000000006,120.0,309.4000000000001,669.3999999999995,1316.0,1316.0,9542,20,229.627421,41.554270646100235,1500,40,477.1,307317.09,568.7632844024046,40.0,40.0,40.0,42.400000000000006,120.0,309.4000000000001,669.3999999999995,1316.0,1316.0,0x0012;0x0012;0x0010;0x0018;0x0018;0x0018;0x0018;0x0018;0x0010;0x0018;0x0010;0x0010;0x0010;0x0018;0x0010;0x0018;0x0010;0x0018;0x0018;0x0019;0x0010,0x0303;0x0303;0x0303;0x0303;0x0303;0x0303;0x0303;0x0303,3082064d30820535a003020102021100d562e1239af50f88ee4ab924a6f3a254300d06092a864886f70d01010b0500308190310b3009060355040613024742311b30190603550408131247726561746572204d616e636865737465723110300e0603550407130753616c666f7264311a3018060355040a1311434f4d4f444f204341204c696d69746564313630340603550403132d434f4d4f444f2052534120446f6d61696e2056616c69646174696f6e2053656375726520536572766572204341301e170d3137303530313030303030305a170d3139303530313233353935395a305a3121301f060355040b1318446f6d61696e20436f6e74726f6c2056616c696461746564311e301c060355040b1315457373656e7469616c53534c2057696c64636172643115301306035504030c0c2a2e6f6e696f6e2e6c696e6b30820222300d06092a864886f70d01010105000382020f003082020a0282020100b03731aa0e5ed01484d94079a89efc4d2b4bd3d0c9172ef1364e17532fedb159ddfc04636ea9b6a0db8fa3946bfcf0f94fbf6970ed5111997f94653e83d6eec96d794a71b7c7ff9cdbeb63610a42c77774433ac5399d9b60193934ee1fc0c76c9c377a4109e663f89027f887dc5cacb797b8136ba906a06817688d7faad413358d24c7fb8196f518d995294ce77c046c9c3e1576eb17e91572b6670d21238af2dde190f5b266700e513832d45be4d43a73c818430167ae8bef5d91d61c426c65e51f7651eb2c0dddcdea2a3d4d503ebb6ad51970dfc6655f375cc78694f4d23c68ee02b18071ae2643a5645cd1c792fba4376462e3eda295ffffe56c1c04abeede539b142e3c7d08be20b36304f268ae4fe91016b9f8a878fa86fe46564c27de054f8fcd8b660a67eca84d7d3c3c89593fa8bf4b6dd74ce58dbb71845a60e9eb4703abf9ee15f2f02c963c22e304d2565f62a15ba7b80c895853230d63582e2d508a887db3d2c02529491e4b2a99226f792ff7eeb1e5054f9041c4b9d237820724dd873f14e21e4052d5b686f3249b4a0b66acaca421d96efd72a9b80a0494d76a2ac1b0baa26bb81a94b13cd980a5c8f08ccd282e8c5c494f75e80bd794fb636e9277ff5dac5d38044af7113a333c3a3ea96341c5f345526362c43bd61431a3cdc7d185aba5a088a2614fc3dd663eef4b790aa3fadf366ccdca2d1e8461bc950203010001a38201d5308201d1301f0603551d2304183016801490af6a3a945a0bd890ea125673df43b43a28dae7301d0603551d0e041604140840eb965809cab9e8ceefefec4ebb9a2aa3ac89300e0603551d0f0101ff0404030205a0300c0603551d130101ff04023000301d0603551d250416301406082b0601050507030106082b06010505070302304f0603551d2004483046303a060b2b06010401b23101020207302b302906082b06010505070201161d68747470733a2f2f7365637572652e636f6d6f646f2e636f6d2f4350533008060667810c01020130540603551d1f044d304b3049a047a0458643687474703a2f2f63726c2e636f6d6f646f63612e636f6d2f434f4d4f444f525341446f6d61696e56616c69646174696f6e53656375726553657276657243412e63726c30818506082b0601050507010104793077304f06082b060105050730028643687474703a2f2f6372742e636f6d6f646f63612e636f6d2f434f4d4f444f525341446f6d61696e56616c69646174696f6e53656375726553657276657243412e637274302406082b060105050730018618687474703a2f2f6f6373702e636f6d6f646f63612e636f6d30230603551d11041c301a820c2a2e6f6e696f6e2e6c696e6b820a6f6e696f6e2e6c696e6b300d06092a864886f70d01010b050003820101008592c43a09c011bf721b7b22688913d43ce5f957880083122e9b46fd6e3a2ad4fc6295806051cb74a81de534bdc7a4fa3d9b916ebf559846784122e360460e1af5646666cbe71f83932f53e5656e468fbfc7d5159851de1130dac3dac928f803e1122cd5509e0bad328357cf30194af9c070433de267cbfbe70360c2361c55fadd3c500afd910e20267438f4d3998d82d8b7660a1502771ab2d3eea6e22186a53b040b55f344888feb2d5373e378be633aee57aaa805dd19c34c9198261085f1224685e5e320653202cef1565e2afc4ea5dbb2a863da4c8bd27e072d45509e54bc4a79ac6217a3a931892485bc14b3ad06e25b46b9cd680aabba3f08db9e6acd;30820608308203f0a00302010202102b2e6eead975366c148a6edba37c8c07300d06092a864886f70d01010c0500308185310b3009060355040613024742311b30190603550408131247726561746572204d616e636865737465723110300e0603550407130753616c666f7264311a3018060355040a1311434f4d4f444f204341204c696d69746564312b302906035504031322434f4d4f444f205253412043657274696669636174696f6e20417574686f72697479301e170d3134303231323030303030305a170d3239303231313233353935395a308190310b3009060355040613024742311b30190603550408131247726561746572204d616e636865737465723110300e0603550407130753616c666f7264311a3018060355040a1311434f4d4f444f204341204c696d69746564313630340603550403132d434f4d4f444f2052534120446f6d61696e2056616c69646174696f6e205365637572652053657276657220434130820122300d06092a864886f70d01010105000382010f003082010a02820101008ec20219e1a059a4eb38358d2cfd01d0d349c064c70b620545163aa8a0c00c027f1dccdbc4a16d7703a30f86f9e3069c3e0b818a9b491bad03befa4bdb8c20edd5ce5e658e3e0daf4cc2b0b7455e522f34de482464b441ae0097f7be67de9ed07aa753803b7cadf596556f97470a7c858b22978db384e09657d0701860968fee2d07939da1bacad1cd7be9c42a9a2821914d6f924f25a5f27a35dd26dc46a5d0ac59358cff4e9143503f59931e6c5121ee5814abfe7550783e4cb01c8613fa6b98bce03b941e8552dc039324186ecb275145e670de2543a40de14aa5edb67ec8cd6dee2e1d27735ddc453080aae3b2410bafbd4487dab9e51b9d7faee58582a50203010001a382016530820161301f0603551d23041830168014bbaf7e023dfaa6f13c848eadee3898ecd93232d4301d0603551d0e0416041490af6a3a945a0bd890ea125673df43b43a28dae7300e0603551d0f0101ff04040302018630120603551d130101ff040830060101ff020100301d0603551d250416301406082b0601050507030106082b06010505070302301b0603551d200414301230060604551d20003008060667810c010201304c0603551d1f044530433041a03fa03d863b687474703a2f2f63726c2e636f6d6f646f63612e636f6d2f434f4d4f444f52534143657274696669636174696f6e417574686f726974792e63726c307106082b0601050507010104653063303b06082b06010505073002862f687474703a2f2f6372742e636f6d6f646f63612e636f6d2f434f4d4f444f525341416464547275737443412e637274302406082b060105050730018618687474703a2f2f6f6373702e636f6d6f646f63612e636f6d300d06092a864886f70d01010c050003820201004e2b764f921c623689ba77c12705f41cd6449da99a3eaad56666013eea49e6a235bcfaf6dd958e9935980e361875b1dddd50727caedc7788ce0ff79020caa3672e1f567f7be144ea4295c45d0d01504615f28189596c8add8cf112a18d3a428a98f84b347b273b08b46f243b729d6374583c1a6c3f4fc7119ac8a8f5b537ef1045c66cd9e05e9526b3ebada3b9ee7f0c9a66357332604ee5dd8a612c6e5211776896d318755115001b7488dde1c738044328e916fdd905d45d472760d6fb383b6c72a294f8421adfed6f068c45c20600aae4e8dcd9b5e17378ecf623dcd1dd6c8e1a8fa5ea547c96b7c3fe558e8d495efc64bbcf3ebd96eb69cdbfe048f1628210e50c4657f233dad0c863edc61f9405964a1a91d1f7ebcf8f52ae0d08d93ea8a051e9c18774d5c9f774ab2e53fbbb7afb97e2f81f268fb3d2a0e0375b283b31e50e572d5ab8ad79ac5e20661aa5b9a6b539c1f59843ffeef9a7a7fdeeca243d8016c4178f8ac160a10cae5b4347914bd59a175ff9d487c1c28cb7e7e20f30193786ace0dc4203e694a89daefd0f245194ce9208d1fc50f003407b8859ed0eddacd2778234dc069502d890f92dea37d51a60d06720d7d8420b45af8268dedd66243790299419461925b880d7cbd486286a4470262362a99f866fbfba9070d256778578efea25a917ce50728c003aaae3db63349ff8067101e28220d4fe6fbdb1;308205743082045ca00302010202102766ee56eb49f38eabd770a2fc84de22300d06092a864886f70d01010c0500306f310b300906035504061302534531143012060355040a130b416464547275737420414231263024060355040b131d41646454727573742045787465726e616c20545450204e6574776f726b312230200603550403131941646454727573742045787465726e616c20434120526f6f74301e170d3030303533303130343833385a170d3230303533303130343833385a308185310b3009060355040613024742311b30190603550408131247726561746572204d616e636865737465723110300e0603550407130753616c666f7264311a3018060355040a1311434f4d4f444f204341204c696d69746564312b302906035504031322434f4d4f444f205253412043657274696669636174696f6e20417574686f7269747930820222300d06092a864886f70d01010105000382020f003082020a028202010091e85492d20a56b1ac0d24ddc5cf446774992b37a37d23700071bc53dfc4fa2a128f4b7f1056bd9f7072b7617fc94b0f17a73de3b00461eeff1197c7f4863e0afa3e5cf993e6347ad9146be79cb385a0827a76af7190d7ecfd0dfa9c6cfadfb082f4147ef9bec4a62f4f7f997fb5fc674372bd0c00d689eb6b2cd3ed8f981c14ab7ee5e36efcd8a8e49224da436b62b855fdeac1bc6cb68bf30e8d9ae49b6c6999f878483045d5ade10d3c4560fc32965127bc67c3ca2eb66bea46c7c720a0b11f65de4808baa44ea9f283463784ebe8cc814843674e722a9b5cbd4c1b288a5c227bb4ab98d9eee05183c309464e6d3e99fa9517da7c3357413c8d51ed0bb65caf2c631adf57c83fbce95dc49baf4599e2a35a24b4baa9563dcf6faaff4958bef0a8fff4b8ade937fbbab8f40b3af9e843421e89d884cb13f1d9bbe18960b88c2856ac141d9c0ae771ebcf0edd3da996a148bd3cf7afb50d224cc01181ec563bf6d3a2e25bb7b204225295809369e88e4c65f191032d707402ea8b671529695202bbd7df506a5546bfa0a328617f70d0c3a2aa2c21aa47ce289c064576bf821827b4d5aeb4cb50e66bf44c867130e9a6df1686e0d8ff40ddfbd042887fa3333a2e5c1e41118163ce18716b2beca68ab7315c3a6a47e0c37959d6201aaff26a98aa72bc574ad24b9dbb10fcb04c41e5ed1d3d5e289d9cccbfb351daa747e584530203010001a381f43081f1301f0603551d23041830168014adbd987a34b426f7fac42654ef03bde024cb541a301d0603551d0e04160414bbaf7e023dfaa6f13c848eadee3898ecd93232d4300e0603551d0f0101ff040403020186300f0603551d130101ff040530030101ff30110603551d20040a300830060604551d200030440603551d1f043d303b3039a037a0358633687474703a2f2f63726c2e7573657274727573742e636f6d2f416464547275737445787465726e616c4341526f6f742e63726c303506082b0601050507010104293027302506082b060105050730018619687474703a2f2f6f6373702e7573657274727573742e636f6d300d06092a864886f70d01010c0500038201010064bf83f15f9a85d0cdb8a129570de85af7d1e93ef276046ef15270bb1e3cff4d0d746acc818225d3c3a02a5d4cf5ba8ba16dc4540975c7e3270e5d847937401377f5b4ac1cd03bab1712d6ef34187e2be979d3ab57450caf28fad0dbe5509588bbdf8557697d92d852ca7381bf1cf3e6b86e661105b31e942d7f91959259f14ccea391714c7c470c3b0b19f6a1b16c863e5caac42e82cbf90796ba484d90f294c8a973a2eb067b239ddea2f34d559f7a6145981868c75e406b23f5797aef8cb56b8bb76f46f47bf13d4b04d89380595ae041241db28f15605847dbef6e46fd15f5d95f9ab3dbd8b8e440b3cd9739ae85bb1d8ebcdc879bd1a6eff13b6f10386f,
8,1.csv_6_10.12.28.101_49170_103.198.0.2_443.csv,4,1,0,0,0,0,0,0,0,0,0,0,0,0,0,0,0,0,0,0,1648,22,115.604595,14.255488719976917,429,40,74.9090909090909,8755.082644628099,95.7705139486645,40.0,40.0,40.0,40.0,40.0,40.0,40.0,40.0,190.60000000000034,1648,22,115.604595,14.255488719976917,429,40,74.9090909090909,8755.082644628099,95.7705139486645,40.0,40.0,40.0,40.0,40.0,40.0,40.0,40.0,190.60000000000034,0x0002;0x0002;0x0010;0x0018;0x0010;0x0010;0x0010;0x0018;0x0010;0x0018;0x0010;0x0010;0x0010;0x0010;0x0010;0x0010;0x0010;0x0010;0x0010;0x0010;0x0010;0x0011;0x0014,0x0303;0x0303;0x0303,,topyzscsu5poprxy.onion.link
9,1.csv_6_10.12.28.101_49170_103.198.0.2_443.csv,4,1,0,0,0,0,0,0,0,0,0,0,0,0,0,0,0,0,0,0,38827,37,115.473095,336.24282782062784,1500,40,1049.3783783783783,264002.2892622352,520.8989212756984,42.4,401.60000000000014,1279.1999999999998,1316.0,1316.0,1316.0,1316.0,1316.0,1316.0,38827,37,115.473095,336.24282782062784,1500,40,1049.3783783783783,264002.2892622352,520.8989212756984,42.4,401.60000000000014,1279.1999999999998,1316.0,1316.0,1316.0,1316.0,1316.0,1316.0,0x0012;0x0012;0x0010;0x0018;0x0010;0x0018;0x0018;0x0018;0x0010;0x0018;0x0010;0x0010;0x0018;0x0018;0x0018;0x0018;0x0018;0x0018;0x0018;0x0018;0x0010;0x0018;0x0018;0x0018;0x0018;0x0018;0x0018;0x0018;0x0018;0x0018;0x0018;0x0018;0x0018;0x0018;0x0018;0x0018;0x0019;0x0010,0x0303;0x0303;0x0303;0x0303;0x0303;0x0303,3082064d30820535a003020102021100d562e1239af50f88ee4ab924a6f3a254300d06092a864886f70d01010b0500308190310b3009060355040613024742311b30190603550408131247726561746572204d616e636865737465723110300e0603550407130753616c666f7264311a3018060355040a1311434f4d4f444f204341204c696d69746564313630340603550403132d434f4d4f444f2052534120446f6d61696e2056616c69646174696f6e2053656375726520536572766572204341301e170d3137303530313030303030305a170d3139303530313233353935395a305a3121301f060355040b1318446f6d61696e20436f6e74726f6c2056616c696461746564311e301c060355040b1315457373656e7469616c53534c2057696c64636172643115301306035504030c0c2a2e6f6e696f6e2e6c696e6b30820222300d06092a864886f70d01010105000382020f003082020a0282020100b03731aa0e5ed01484d94079a89efc4d2b4bd3d0c9172ef1364e17532fedb159ddfc04636ea9b6a0db8fa3946bfcf0f94fbf6970ed5111997f94653e83d6eec96d794a71b7c7ff9cdbeb63610a42c77774433ac5399d9b60193934ee1fc0c76c9c377a4109e663f89027f887dc5cacb797b8136ba906a06817688d7faad413358d24c7fb8196f518d995294ce77c046c9c3e1576eb17e91572b6670d21238af2dde190f5b266700e513832d45be4d43a73c818430167ae8bef5d91d61c426c65e51f7651eb2c0dddcdea2a3d4d503ebb6ad51970dfc6655f375cc78694f4d23c68ee02b18071ae2643a5645cd1c792fba4376462e3eda295ffffe56c1c04abeede539b142e3c7d08be20b36304f268ae4fe91016b9f8a878fa86fe46564c27de054f8fcd8b660a67eca84d7d3c3c89593fa8bf4b6dd74ce58dbb71845a60e9eb4703abf9ee15f2f02c963c22e304d2565f62a15ba7b80c895853230d63582e2d508a887db3d2c02529491e4b2a99226f792ff7eeb1e5054f9041c4b9d237820724dd873f14e21e4052d5b686f3249b4a0b66acaca421d96efd72a9b80a0494d76a2ac1b0baa26bb81a94b13cd980a5c8f08ccd282e8c5c494f75e80bd794fb636e9277ff5dac5d38044af7113a333c3a3ea96341c5f345526362c43bd61431a3cdc7d185aba5a088a2614fc3dd663eef4b790aa3fadf366ccdca2d1e8461bc950203010001a38201d5308201d1301f0603551d2304183016801490af6a3a945a0bd890ea125673df43b43a28dae7301d0603551d0e041604140840eb965809cab9e8ceefefec4ebb9a2aa3ac89300e0603551d0f0101ff0404030205a0300c0603551d130101ff04023000301d0603551d250416301406082b0601050507030106082b06010505070302304f0603551d2004483046303a060b2b06010401b23101020207302b302906082b06010505070201161d68747470733a2f2f7365637572652e636f6d6f646f2e636f6d2f4350533008060667810c01020130540603551d1f044d304b3049a047a0458643687474703a2f2f63726c2e636f6d6f646f63612e636f6d2f434f4d4f444f525341446f6d61696e56616c69646174696f6e53656375726553657276657243412e63726c30818506082b0601050507010104793077304f06082b060105050730028643687474703a2f2f6372742e636f6d6f646f63612e636f6d2f434f4d4f444f525341446f6d61696e56616c69646174696f6e53656375726553657276657243412e637274302406082b060105050730018618687474703a2f2f6f6373702e636f6d6f646f63612e636f6d30230603551d11041c301a820c2a2e6f6e696f6e2e6c696e6b820a6f6e696f6e2e6c696e6b300d06092a864886f70d01010b050003820101008592c43a09c011bf721b7b22688913d43ce5f957880083122e9b46fd6e3a2ad4fc6295806051cb74a81de534bdc7a4fa3d9b916ebf559846784122e360460e1af5646666cbe71f83932f53e5656e468fbfc7d5159851de1130dac3dac928f803e1122cd5509e0bad328357cf30194af9c070433de267cbfbe70360c2361c55fadd3c500afd910e20267438f4d3998d82d8b7660a1502771ab2d3eea6e22186a53b040b55f344888feb2d5373e378be633aee57aaa805dd19c34c9198261085f1224685e5e320653202cef1565e2afc4ea5dbb2a863da4c8bd27e072d45509e54bc4a79ac6217a3a931892485bc14b3ad06e25b46b9cd680aabba3f08db9e6acd;30820608308203f0a00302010202102b2e6eead975366c148a6edba37c8c07300d06092a864886f70d01010c0500308185310b3009060355040613024742311b30190603550408131247726561746572204d616e636865737465723110300e0603550407130753616c666f7264311a3018060355040a1311434f4d4f444f204341204c696d69746564312b302906035504031322434f4d4f444f205253412043657274696669636174696f6e20417574686f72697479301e170d3134303231323030303030305a170d3239303231313233353935395a308190310b3009060355040613024742311b30190603550408131247726561746572204d616e636865737465723110300e0603550407130753616c666f7264311a3018060355040a1311434f4d4f444f204341204c696d69746564313630340603550403132d434f4d4f444f2052534120446f6d61696e2056616c69646174696f6e205365637572652053657276657220434130820122300d06092a864886f70d01010105000382010f003082010a02820101008ec20219e1a059a4eb38358d2cfd01d0d349c064c70b620545163aa8a0c00c027f1dccdbc4a16d7703a30f86f9e3069c3e0b818a9b491bad03befa4bdb8c20edd5ce5e658e3e0daf4cc2b0b7455e522f34de482464b441ae0097f7be67de9ed07aa753803b7cadf596556f97470a7c858b22978db384e09657d0701860968fee2d07939da1bacad1cd7be9c42a9a2821914d6f924f25a5f27a35dd26dc46a5d0ac59358cff4e9143503f59931e6c5121ee5814abfe7550783e4cb01c8613fa6b98bce03b941e8552dc039324186ecb275145e670de2543a40de14aa5edb67ec8cd6dee2e1d27735ddc453080aae3b2410bafbd4487dab9e51b9d7faee58582a50203010001a382016530820161301f0603551d23041830168014bbaf7e023dfaa6f13c848eadee3898ecd93232d4301d0603551d0e0416041490af6a3a945a0bd890ea125673df43b43a28dae7300e0603551d0f0101ff04040302018630120603551d130101ff040830060101ff020100301d0603551d250416301406082b0601050507030106082b06010505070302301b0603551d200414301230060604551d20003008060667810c010201304c0603551d1f044530433041a03fa03d863b687474703a2f2f63726c2e636f6d6f646f63612e636f6d2f434f4d4f444f52534143657274696669636174696f6e417574686f726974792e63726c307106082b0601050507010104653063303b06082b06010505073002862f687474703a2f2f6372742e636f6d6f646f63612e636f6d2f434f4d4f444f525341416464547275737443412e637274302406082b060105050730018618687474703a2f2f6f6373702e636f6d6f646f63612e636f6d300d06092a864886f70d01010c050003820201004e2b764f921c623689ba77c12705f41cd6449da99a3eaad56666013eea49e6a235bcfaf6dd958e9935980e361875b1dddd50727caedc7788ce0ff79020caa3672e1f567f7be144ea4295c45d0d01504615f28189596c8add8cf112a18d3a428a98f84b347b273b08b46f243b729d6374583c1a6c3f4fc7119ac8a8f5b537ef1045c66cd9e05e9526b3ebada3b9ee7f0c9a66357332604ee5dd8a612c6e5211776896d318755115001b7488dde1c738044328e916fdd905d45d472760d6fb383b6c72a294f8421adfed6f068c45c20600aae4e8dcd9b5e17378ecf623dcd1dd6c8e1a8fa5ea547c96b7c3fe558e8d495efc64bbcf3ebd96eb69cdbfe048f1628210e50c4657f233dad0c863edc61f9405964a1a91d1f7ebcf8f52ae0d08d93ea8a051e9c18774d5c9f774ab2e53fbbb7afb97e2f81f268fb3d2a0e0375b283b31e50e572d5ab8ad79ac5e20661aa5b9a6b539c1f59843ffeef9a7a7fdeeca243d8016c4178f8ac160a10cae5b4347914bd59a175ff9d487c1c28cb7e7e20f30193786ace0dc4203e694a89daefd0f245194ce9208d1fc50f003407b8859ed0eddacd2778234dc069502d890f92dea37d51a60d06720d7d8420b45af8268dedd66243790299419461925b880d7cbd486286a4470262362a99f866fbfba9070d256778578efea25a917ce50728c003aaae3db63349ff8067101e28220d4fe6fbdb1;308205743082045ca00302010202102766ee56eb49f38eabd770a2fc84de22300d06092a864886f70d01010c0500306f310b300906035504061302534531143012060355040a130b416464547275737420414231263024060355040b131d41646454727573742045787465726e616c20545450204e6574776f726b312230200603550403131941646454727573742045787465726e616c20434120526f6f74301e170d3030303533303130343833385a170d3230303533303130343833385a308185310b3009060355040613024742311b30190603550408131247726561746572204d616e636865737465723110300e0603550407130753616c666f7264311a3018060355040a1311434f4d4f444f204341204c696d69746564312b302906035504031322434f4d4f444f205253412043657274696669636174696f6e20417574686f7269747930820222300d06092a864886f70d01010105000382020f003082020a028202010091e85492d20a56b1ac0d24ddc5cf446774992b37a37d23700071bc53dfc4fa2a128f4b7f1056bd9f7072b7617fc94b0f17a73de3b00461eeff1197c7f4863e0afa3e5cf993e6347ad9146be79cb385a0827a76af7190d7ecfd0dfa9c6cfadfb082f4147ef9bec4a62f4f7f997fb5fc674372bd0c00d689eb6b2cd3ed8f981c14ab7ee5e36efcd8a8e49224da436b62b855fdeac1bc6cb68bf30e8d9ae49b6c6999f878483045d5ade10d3c4560fc32965127bc67c3ca2eb66bea46c7c720a0b11f65de4808baa44ea9f283463784ebe8cc814843674e722a9b5cbd4c1b288a5c227bb4ab98d9eee05183c309464e6d3e99fa9517da7c3357413c8d51ed0bb65caf2c631adf57c83fbce95dc49baf4599e2a35a24b4baa9563dcf6faaff4958bef0a8fff4b8ade937fbbab8f40b3af9e843421e89d884cb13f1d9bbe18960b88c2856ac141d9c0ae771ebcf0edd3da996a148bd3cf7afb50d224cc01181ec563bf6d3a2e25bb7b204225295809369e88e4c65f191032d707402ea8b671529695202bbd7df506a5546bfa0a328617f70d0c3a2aa2c21aa47ce289c064576bf821827b4d5aeb4cb50e66bf44c867130e9a6df1686e0d8ff40ddfbd042887fa3333a2e5c1e41118163ce18716b2beca68ab7315c3a6a47e0c37959d6201aaff26a98aa72bc574ad24b9dbb10fcb04c41e5ed1d3d5e289d9cccbfb351daa747e584530203010001a381f43081f1301f0603551d23041830168014adbd987a34b426f7fac42654ef03bde024cb541a301d0603551d0e04160414bbaf7e023dfaa6f13c848eadee3898ecd93232d4300e0603551d0f0101ff040403020186300f0603551d130101ff040530030101ff30110603551d20040a300830060604551d200030440603551d1f043d303b3039a037a0358633687474703a2f2f63726c2e7573657274727573742e636f6d2f416464547275737445787465726e616c4341526f6f742e63726c303506082b0601050507010104293027302506082b060105050730018619687474703a2f2f6f6373702e7573657274727573742e636f6d300d06092a864886f70d01010c0500038201010064bf83f15f9a85d0cdb8a129570de85af7d1e93ef276046ef15270bb1e3cff4d0d746acc818225d3c3a02a5d4cf5ba8ba16dc4540975c7e3270e5d847937401377f5b4ac1cd03bab1712d6ef34187e2be979d3ab57450caf28fad0dbe5509588bbdf8557697d92d852ca7381bf1cf3e6b86e661105b31e942d7f91959259f14ccea391714c7c470c3b0b19f6a1b16c863e5caac42e82cbf90796ba484d90f294c8a973a2eb067b239ddea2f34d559f7a6145981868c75e406b23f5797aef8cb56b8bb76f46f47bf13d4b04d89380595ae041241db28f15605847dbef6e46fd15f5d95f9ab3dbd8b8e440b3cd9739ae85bb1d8ebcdc879bd1a6eff13b6f10386f,
10,0.csv_6_10.12.27.102_49173_103.198.0.2_443.csv,4,1,0,0,0,0,0,0,0,0,0,0,0,0,0,0,0,0,0,0,1208,11,30.45486199999999,39.665259359901235,429,40,109.81818181818181,15072.87603305785,128.76398423613506,40.0,40.0,40.0,40.0,40.0,40.0,52.0,206.0,241.0,1208,11,30.45486199999999,39.665259359901235,429,40,109.81818181818181,15072.87603305785,128.76398423613506,40.0,40.0,40.0,40.0,40.0,40.0,52.0,206.0,241.0,0x0002;0x0002;0x0010;0x0018;0x0010;0x0010;0x0018;0x0010;0x0018;0x0010;0x0011;0x0010,0x0303;0x0303;0x0303,,topyzscsu5poprxy.onion.link
11,0.csv_6_10.12.27.102_49173_103.198.0.2_443.csv,4,1,0,0,0,0,0,0,0,0,0,0,0,0,0,0,0,0,0,0,7095,12,30.354934999999998,233.73464644216833,1495,40,591.25,407791.6875,666.98100354576,40.0,40.0,40.0,41.6,87.5,818.5999999999996,1304.3,1316.0,1316.0,7095,12,30.354934999999998,233.73464644216833,1495,40,591.25,407791.6875,666.98100354576,40.0,40.0,40.0,41.6,87.5,818.5999999999996,1304.3,1316.0,1316.0,0x0012;0x0012;0x0010;0x0018;0x0018;0x0018;0x0018;0x0010;0x0018;0x0010;0x0018;0x0010;0x0019,0x0303;0x0303;0x0303;0x0303,3082064d30820535a003020102021100d562e1239af50f88ee4ab924a6f3a254300d06092a864886f70d01010b0500308190310b3009060355040613024742311b30190603550408131247726561746572204d616e636865737465723110300e0603550407130753616c666f7264311a3018060355040a1311434f4d4f444f204341204c696d69746564313630340603550403132d434f4d4f444f2052534120446f6d61696e2056616c69646174696f6e2053656375726520536572766572204341301e170d3137303530313030303030305a170d3139303530313233353935395a305a3121301f060355040b1318446f6d61696e20436f6e74726f6c2056616c696461746564311e301c060355040b1315457373656e7469616c53534c2057696c64636172643115301306035504030c0c2a2e6f6e696f6e2e6c696e6b30820222300d06092a864886f70d01010105000382020f003082020a0282020100b03731aa0e5ed01484d94079a89efc4d2b4bd3d0c9172ef1364e17532fedb159ddfc04636ea9b6a0db8fa3946bfcf0f94fbf6970ed5111997f94653e83d6eec96d794a71b7c7ff9cdbeb63610a42c77774433ac5399d9b60193934ee1fc0c76c9c377a4109e663f89027f887dc5cacb797b8136ba906a06817688d7faad413358d24c7fb8196f518d995294ce77c046c9c3e1576eb17e91572b6670d21238af2dde190f5b266700e513832d45be4d43a73c818430167ae8bef5d91d61c426c65e51f7651eb2c0dddcdea2a3d4d503ebb6ad51970dfc6655f375cc78694f4d23c68ee02b18071ae2643a5645cd1c792fba4376462e3eda295ffffe56c1c04abeede539b142e3c7d08be20b36304f268ae4fe91016b9f8a878fa86fe46564c27de054f8fcd8b660a67eca84d7d3c3c89593fa8bf4b6dd74ce58dbb71845a60e9eb4703abf9ee15f2f02c963c22e304d2565f62a15ba7b80c895853230d63582e2d508a887db3d2c02529491e4b2a99226f792ff7eeb1e5054f9041c4b9d237820724dd873f14e21e4052d5b686f3249b4a0b66acaca421d96efd72a9b80a0494d76a2ac1b0baa26bb81a94b13cd980a5c8f08ccd282e8c5c494f75e80bd794fb636e9277ff5dac5d38044af7113a333c3a3ea96341c5f345526362c43bd61431a3cdc7d185aba5a088a2614fc3dd663eef4b790aa3fadf366ccdca2d1e8461bc950203010001a38201d5308201d1301f0603551d2304183016801490af6a3a945a0bd890ea125673df43b43a28dae7301d0603551d0e041604140840eb965809cab9e8ceefefec4ebb9a2aa3ac89300e0603551d0f0101ff0404030205a0300c0603551d130101ff04023000301d0603551d250416301406082b0601050507030106082b06010505070302304f0603551d2004483046303a060b2b06010401b23101020207302b302906082b06010505070201161d68747470733a2f2f7365637572652e636f6d6f646f2e636f6d2f4350533008060667810c01020130540603551d1f044d304b3049a047a0458643687474703a2f2f63726c2e636f6d6f646f63612e636f6d2f434f4d4f444f525341446f6d61696e56616c69646174696f6e53656375726553657276657243412e63726c30818506082b0601050507010104793077304f06082b060105050730028643687474703a2f2f6372742e636f6d6f646f63612e636f6d2f434f4d4f444f525341446f6d61696e56616c69646174696f6e53656375726553657276657243412e637274302406082b060105050730018618687474703a2f2f6f6373702e636f6d6f646f63612e636f6d30230603551d11041c301a820c2a2e6f6e696f6e2e6c696e6b820a6f6e696f6e2e6c696e6b300d06092a864886f70d01010b050003820101008592c43a09c011bf721b7b22688913d43ce5f957880083122e9b46fd6e3a2ad4fc6295806051cb74a81de534bdc7a4fa3d9b916ebf559846784122e360460e1af5646666cbe71f83932f53e5656e468fbfc7d5159851de1130dac3dac928f803e1122cd5509e0bad328357cf30194af9c070433de267cbfbe70360c2361c55fadd3c500afd910e20267438f4d3998d82d8b7660a1502771ab2d3eea6e22186a53b040b55f344888feb2d5373e378be633aee57aaa805dd19c34c9198261085f1224685e5e320653202cef1565e2afc4ea5dbb2a863da4c8bd27e072d45509e54bc4a79ac6217a3a931892485bc14b3ad06e25b46b9cd680aabba3f08db9e6acd;30820608308203f0a00302010202102b2e6eead975366c148a6edba37c8c07300d06092a864886f70d01010c0500308185310b3009060355040613024742311b30190603550408131247726561746572204d616e636865737465723110300e0603550407130753616c666f7264311a3018060355040a1311434f4d4f444f204341204c696d69746564312b302906035504031322434f4d4f444f205253412043657274696669636174696f6e20417574686f72697479301e170d3134303231323030303030305a170d3239303231313233353935395a308190310b3009060355040613024742311b30190603550408131247726561746572204d616e636865737465723110300e0603550407130753616c666f7264311a3018060355040a1311434f4d4f444f204341204c696d69746564313630340603550403132d434f4d4f444f2052534120446f6d61696e2056616c69646174696f6e205365637572652053657276657220434130820122300d06092a864886f70d01010105000382010f003082010a02820101008ec20219e1a059a4eb38358d2cfd01d0d349c064c70b620545163aa8a0c00c027f1dccdbc4a16d7703a30f86f9e3069c3e0b818a9b491bad03befa4bdb8c20edd5ce5e658e3e0daf4cc2b0b7455e522f34de482464b441ae0097f7be67de9ed07aa753803b7cadf596556f97470a7c858b22978db384e09657d0701860968fee2d07939da1bacad1cd7be9c42a9a2821914d6f924f25a5f27a35dd26dc46a5d0ac59358cff4e9143503f59931e6c5121ee5814abfe7550783e4cb01c8613fa6b98bce03b941e8552dc039324186ecb275145e670de2543a40de14aa5edb67ec8cd6dee2e1d27735ddc453080aae3b2410bafbd4487dab9e51b9d7faee58582a50203010001a382016530820161301f0603551d23041830168014bbaf7e023dfaa6f13c848eadee3898ecd93232d4301d0603551d0e0416041490af6a3a945a0bd890ea125673df43b43a28dae7300e0603551d0f0101ff04040302018630120603551d130101ff040830060101ff020100301d0603551d250416301406082b0601050507030106082b06010505070302301b0603551d200414301230060604551d20003008060667810c010201304c0603551d1f044530433041a03fa03d863b687474703a2f2f63726c2e636f6d6f646f63612e636f6d2f434f4d4f444f52534143657274696669636174696f6e417574686f726974792e63726c307106082b0601050507010104653063303b06082b06010505073002862f687474703a2f2f6372742e636f6d6f646f63612e636f6d2f434f4d4f444f525341416464547275737443412e637274302406082b060105050730018618687474703a2f2f6f6373702e636f6d6f646f63612e636f6d300d06092a864886f70d01010c050003820201004e2b764f921c623689ba77c12705f41cd6449da99a3eaad56666013eea49e6a235bcfaf6dd958e9935980e361875b1dddd50727caedc7788ce0ff79020caa3672e1f567f7be144ea4295c45d0d01504615f28189596c8add8cf112a18d3a428a98f84b347b273b08b46f243b729d6374583c1a6c3f4fc7119ac8a8f5b537ef1045c66cd9e05e9526b3ebada3b9ee7f0c9a66357332604ee5dd8a612c6e5211776896d318755115001b7488dde1c738044328e916fdd905d45d472760d6fb383b6c72a294f8421adfed6f068c45c20600aae4e8dcd9b5e17378ecf623dcd1dd6c8e1a8fa5ea547c96b7c3fe558e8d495efc64bbcf3ebd96eb69cdbfe048f1628210e50c4657f233dad0c863edc61f9405964a1a91d1f7ebcf8f52ae0d08d93ea8a051e9c18774d5c9f774ab2e53fbbb7afb97e2f81f268fb3d2a0e0375b283b31e50e572d5ab8ad79ac5e20661aa5b9a6b539c1f59843ffeef9a7a7fdeeca243d8016c4178f8ac160a10cae5b4347914bd59a175ff9d487c1c28cb7e7e20f30193786ace0dc4203e694a89daefd0f245194ce9208d1fc50f003407b8859ed0eddacd2778234dc069502d890f92dea37d51a60d06720d7d8420b45af8268dedd66243790299419461925b880d7cbd486286a4470262362a99f866fbfba9070d256778578efea25a917ce50728c003aaae3db63349ff8067101e28220d4fe6fbdb1;308205743082045ca00302010202102766ee56eb49f38eabd770a2fc84de22300d06092a864886f70d01010c0500306f310b300906035504061302534531143012060355040a130b416464547275737420414231263024060355040b131d41646454727573742045787465726e616c20545450204e6574776f726b312230200603550403131941646454727573742045787465726e616c20434120526f6f74301e170d3030303533303130343833385a170d3230303533303130343833385a308185310b3009060355040613024742311b30190603550408131247726561746572204d616e636865737465723110300e0603550407130753616c666f7264311a3018060355040a1311434f4d4f444f204341204c696d69746564312b302906035504031322434f4d4f444f205253412043657274696669636174696f6e20417574686f7269747930820222300d06092a864886f70d01010105000382020f003082020a028202010091e85492d20a56b1ac0d24ddc5cf446774992b37a37d23700071bc53dfc4fa2a128f4b7f1056bd9f7072b7617fc94b0f17a73de3b00461eeff1197c7f4863e0afa3e5cf993e6347ad9146be79cb385a0827a76af7190d7ecfd0dfa9c6cfadfb082f4147ef9bec4a62f4f7f997fb5fc674372bd0c00d689eb6b2cd3ed8f981c14ab7ee5e36efcd8a8e49224da436b62b855fdeac1bc6cb68bf30e8d9ae49b6c6999f878483045d5ade10d3c4560fc32965127bc67c3ca2eb66bea46c7c720a0b11f65de4808baa44ea9f283463784ebe8cc814843674e722a9b5cbd4c1b288a5c227bb4ab98d9eee05183c309464e6d3e99fa9517da7c3357413c8d51ed0bb65caf2c631adf57c83fbce95dc49baf4599e2a35a24b4baa9563dcf6faaff4958bef0a8fff4b8ade937fbbab8f40b3af9e843421e89d884cb13f1d9bbe18960b88c2856ac141d9c0ae771ebcf0edd3da996a148bd3cf7afb50d224cc01181ec563bf6d3a2e25bb7b204225295809369e88e4c65f191032d707402ea8b671529695202bbd7df506a5546bfa0a328617f70d0c3a2aa2c21aa47ce289c064576bf821827b4d5aeb4cb50e66bf44c867130e9a6df1686e0d8ff40ddfbd042887fa3333a2e5c1e41118163ce18716b2beca68ab7315c3a6a47e0c37959d6201aaff26a98aa72bc574ad24b9dbb10fcb04c41e5ed1d3d5e289d9cccbfb351daa747e584530203010001a381f43081f1301f0603551d23041830168014adbd987a34b426f7fac42654ef03bde024cb541a301d0603551d0e04160414bbaf7e023dfaa6f13c848eadee3898ecd93232d4300e0603551d0f0101ff040403020186300f0603551d130101ff040530030101ff30110603551d20040a300830060604551d200030440603551d1f043d303b3039a037a0358633687474703a2f2f63726c2e7573657274727573742e636f6d2f416464547275737445787465726e616c4341526f6f742e63726c303506082b0601050507010104293027302506082b060105050730018619687474703a2f2f6f6373702e7573657274727573742e636f6d300d06092a864886f70d01010c0500038201010064bf83f15f9a85d0cdb8a129570de85af7d1e93ef276046ef15270bb1e3cff4d0d746acc818225d3c3a02a5d4cf5ba8ba16dc4540975c7e3270e5d847937401377f5b4ac1cd03bab1712d6ef34187e2be979d3ab57450caf28fad0dbe5509588bbdf8557697d92d852ca7381bf1cf3e6b86e661105b31e942d7f91959259f14ccea391714c7c470c3b0b19f6a1b16c863e5caac42e82cbf90796ba484d90f294c8a973a2eb067b239ddea2f34d559f7a6145981868c75e406b23f5797aef8cb56b8bb76f46f47bf13d4b04d89380595ae041241db28f15605847dbef6e46fd15f5d95f9ab3dbd8b8e440b3cd9739ae85bb1d8ebcdc879bd1a6eff13b6f10386f,
12,1.csv_17_10.12.28.101__10.12.28.1_.csv,4,0,0,0,0,0,0,0,0,0,0,0,0,0,0,0,0,0,0,0,60,1,0.0,0.0,60,60,60.0,0.0,,60.0,60.0,60.0,60.0,60.0,60.0,60.0,60.0,60.0,60,1,0.0,0.0,60,60,60.0,0.0,,60.0,60.0,60.0,60.0,60.0,60.0,60.0,60.0,60.0,,,,
13,1.csv_17_10.12.28.101__10.12.28.1_.csv,4,0,0,0,0,0,0,0,0,0,0,0,0,0,0,0,0,0,0,0,76,1,0.0,0.0,76,76,76.0,0.0,,76.0,76.0,76.0,76.0,76.0,76.0,76.0,76.0,76.0,76,1,0.0,0.0,76,76,76.0,0.0,,76.0,76.0,76.0,76.0,76.0,76.0,76.0,76.0,76.0,,,,
14,1.csv_17_10.12.28.101__10.12.28.1_.csv,4,0,0,0,0,0,0,0,0,0,0,0,0,0,0,0,0,0,0,0,58,1,0.0,0.0,58,58,58.0,0.0,,58.0,58.0,58.0,58.0,58.0,58.0,58.0,58.0,58.0,58,1,0.0,0.0,58,58,58.0,0.0,,58.0,58.0,58.0,58.0,58.0,58.0,58.0,58.0,58.0,,,,
15,1.csv_17_10.12.28.101__10.12.28.1_.csv,4,0,0,0,0,0,0,0,0,0,0,0,0,0,0,0,0,0,0,0,74,1,0.0,0.0,74,74,74.0,0.0,,74.0,74.0,74.0,74.0,74.0,74.0,74.0,74.0,74.0,74,1,0.0,0.0,74,74,74.0,0.0,,74.0,74.0,74.0,74.0,74.0,74.0,74.0,74.0,74.0,,,,
16,1.csv_17_10.12.28.101__10.12.28.1_.csv,4,0,0,0,0,0,0,0,0,0,0,0,0,0,0,0,0,0,0,0,73,1,0.0,0.0,73,73,73.0,0.0,,73.0,73.0,73.0,73.0,73.0,73.0,73.0,73.0,73.0,73,1,0.0,0.0,73,73,73.0,0.0,,73.0,73.0,73.0,73.0,73.0,73.0,73.0,73.0,73.0,,,,
17,1.csv_17_10.12.28.101__10.12.28.1_.csv,4,0,0,0,0,0,0,0,0,0,0,0,0,0,0,0,0,0,0,0,89,1,0.0,0.0,89,89,89.0,0.0,,89.0,89.0,89.0,89.0,89.0,89.0,89.0,89.0,89.0,89,1,0.0,0.0,89,89,89.0,0.0,,89.0,89.0,89.0,89.0,89.0,89.0,89.0,89.0,89.0,,,,
18,1.csv_17_10.12.28.101__10.12.28.1_.csv,4,0,0,0,0,0,0,0,0,0,0,0,0,0,0,0,0,0,0,0,73,1,0.0,0.0,73,73,73.0,0.0,,73.0,73.0,73.0,73.0,73.0,73.0,73.0,73.0,73.0,73,1,0.0,0.0,73,73,73.0,0.0,,73.0,73.0,73.0,73.0,73.0,73.0,73.0,73.0,73.0,,,,
19,1.csv_17_10.12.28.101__10.12.28.1_.csv,4,0,0,0,0,0,0,0,0,0,0,0,0,0,0,0,0,0,0,0,89,1,0.0,0.0,89,89,89.0,0.0,,89.0,89.0,89.0,89.0,89.0,89.0,89.0,89.0,89.0,89,1,0.0,0.0,89,89,89.0,0.0,,89.0,89.0,89.0,89.0,89.0,89.0,89.0,89.0,89.0,,,,
20,0.csv_6_10.12.27.102_49171_103.198.0.2_443.csv,4,1,0,0,0,0,0,0,0,0,0,0,0,0,0,0,0,0,0,0,2634,14,80.212602,32.837732903864655,989,40,188.14285714285714,68164.55102040817,270.9390669910451,40.0,40.0,40.0,40.0,40.0,49.599999999999994,206.3,284.20000000000005,441.80000000000007,2634,14,80.212602,32.837732903864655,989,40,188.14285714285714,68164.55102040817,270.9390669910451,40.0,40.0,40.0,40.0,40.0,49.599999999999994,206.3,284.20000000000005,441.80000000000007,0x0002;0x0002;0x0010;0x0018;0x0010;0x0010;0x0010;0x0018;0x0010;0x0018;0x0018;0x0010;0x0018;0x0010;0x0010,0x0303;0x0303;0x0303;0x0303;0x0303,,topyzscsu5poprxy.onion.link
21,0.csv_6_10.12.27.102_49171_103.198.0.2_443.csv,4,1,0,0,0,0,0,0,0,0,0,0,0,0,0,0,0,0,0,0,9673,15,80.120896,120.73005274429282,1500,40,644.8666666666667,407945.1822222222,661.1233801716014,40.0,40.0,40.8,83.00000000000003,131.0,1034.2,1247.9999999999998,1351.8000000000002,1498.0,9673,15,80.120896,120.73005274429282,1500,40,644.8666666666667,407945.1822222222,661.1233801716014,40.0,40.0,40.8,83.00000000000003,131.0,1034.2,1247.9999999999998,1351.8000000000002,1498.0,0x0012;0x0012;0x0010;0x0010;0x0018;0x0018;0x0018;0x0010;0x0018;0x0010;0x0010;0x0010;0x0018;0x0010;0x0018;0x0019,0x0303;0x0303;0x0303;0x0303;0x0303;0x0303,3082064d30820535a003020102021100d562e1239af50f88ee4ab924a6f3a254300d06092a864886f70d01010b0500308190310b3009060355040613024742311b30190603550408131247726561746572204d616e636865737465723110300e0603550407130753616c666f7264311a3018060355040a1311434f4d4f444f204341204c696d69746564313630340603550403132d434f4d4f444f2052534120446f6d61696e2056616c69646174696f6e2053656375726520536572766572204341301e170d3137303530313030303030305a170d3139303530313233353935395a305a3121301f060355040b1318446f6d61696e20436f6e74726f6c2056616c696461746564311e301c060355040b1315457373656e7469616c53534c2057696c64636172643115301306035504030c0c2a2e6f6e696f6e2e6c696e6b30820222300d06092a864886f70d01010105000382020f003082020a0282020100b03731aa0e5ed01484d94079a89efc4d2b4bd3d0c9172ef1364e17532fedb159ddfc04636ea9b6a0db8fa3946bfcf0f94fbf6970ed5111997f94653e83d6eec96d794a71b7c7ff9cdbeb63610a42c77774433ac5399d9b60193934ee1fc0c76c9c377a4109e663f89027f887dc5cacb797b8136ba906a06817688d7faad413358d24c7fb8196f518d995294ce77c046c9c3e1576eb17e91572b6670d21238af2dde190f5b266700e513832d45be4d43a73c818430167ae8bef5d91d61c426c65e51f7651eb2c0dddcdea2a3d4d503ebb6ad51970dfc6655f375cc78694f4d23c68ee02b18071ae2643a5645cd1c792fba4376462e3eda295ffffe56c1c04abeede539b142e3c7d08be20b36304f268ae4fe91016b9f8a878fa86fe46564c27de054f8fcd8b660a67eca84d7d3c3c89593fa8bf4b6dd74ce58dbb71845a60e9eb4703abf9ee15f2f02c963c22e304d2565f62a15ba7b80c895853230d63582e2d508a887db3d2c02529491e4b2a99226f792ff7eeb1e5054f9041c4b9d237820724dd873f14e21e4052d5b686f3249b4a0b66acaca421d96efd72a9b80a0494d76a2ac1b0baa26bb81a94b13cd980a5c8f08ccd282e8c5c494f75e80bd794fb636e9277ff5dac5d38044af7113a333c3a3ea96341c5f345526362c43bd61431a3cdc7d185aba5a088a2614fc3dd663eef4b790aa3fadf366ccdca2d1e8461bc950203010001a38201d5308201d1301f0603551d2304183016801490af6a3a945a0bd890ea125673df43b43a28dae7301d0603551d0e041604140840eb965809cab9e8ceefefec4ebb9a2aa3ac89300e0603551d0f0101ff0404030205a0300c0603551d130101ff04023000301d0603551d250416301406082b0601050507030106082b06010505070302304f0603551d2004483046303a060b2b06010401b23101020207302b302906082b06010505070201161d68747470733a2f2f7365637572652e636f6d6f646f2e636f6d2f4350533008060667810c01020130540603551d1f044d304b3049a047a0458643687474703a2f2f63726c2e636f6d6f646f63612e636f6d2f434f4d4f444f525341446f6d61696e56616c69646174696f6e53656375726553657276657243412e63726c30818506082b0601050507010104793077304f06082b060105050730028643687474703a2f2f6372742e636f6d6f646f63612e636f6d2f434f4d4f444f525341446f6d61696e56616c69646174696f6e53656375726553657276657243412e637274302406082b060105050730018618687474703a2f2f6f6373702e636f6d6f646f63612e636f6d30230603551d11041c301a820c2a2e6f6e696f6e2e6c696e6b820a6f6e696f6e2e6c696e6b300d06092a864886f70d01010b050003820101008592c43a09c011bf721b7b22688913d43ce5f957880083122e9b46fd6e3a2ad4fc6295806051cb74a81de534bdc7a4fa3d9b916ebf559846784122e360460e1af5646666cbe71f83932f53e5656e468fbfc7d5159851de1130dac3dac928f803e1122cd5509e0bad328357cf30194af9c070433de267cbfbe70360c2361c55fadd3c500afd910e20267438f4d3998d82d8b7660a1502771ab2d3eea6e22186a53b040b55f344888feb2d5373e378be633aee57aaa805dd19c34c9198261085f1224685e5e320653202cef1565e2afc4ea5dbb2a863da4c8bd27e072d45509e54bc4a79ac6217a3a931892485bc14b3ad06e25b46b9cd680aabba3f08db9e6acd;30820608308203f0a00302010202102b2e6eead975366c148a6edba37c8c07300d06092a864886f70d01010c0500308185310b3009060355040613024742311b30190603550408131247726561746572204d616e636865737465723110300e0603550407130753616c666f7264311a3018060355040a1311434f4d4f444f204341204c696d69746564312b302906035504031322434f4d4f444f205253412043657274696669636174696f6e20417574686f72697479301e170d3134303231323030303030305a170d3239303231313233353935395a308190310b3009060355040613024742311b30190603550408131247726561746572204d616e636865737465723110300e0603550407130753616c666f7264311a3018060355040a1311434f4d4f444f204341204c696d69746564313630340603550403132d434f4d4f444f2052534120446f6d61696e2056616c69646174696f6e205365637572652053657276657220434130820122300d06092a864886f70d01010105000382010f003082010a02820101008ec20219e1a059a4eb38358d2cfd01d0d349c064c70b620545163aa8a0c00c027f1dccdbc4a16d7703a30f86f9e3069c3e0b818a9b491bad03befa4bdb8c20edd5ce5e658e3e0daf4cc2b0b7455e522f34de482464b441ae0097f7be67de9ed07aa753803b7cadf596556f97470a7c858b22978db384e09657d0701860968fee2d07939da1bacad1cd7be9c42a9a2821914d6f924f25a5f27a35dd26dc46a5d0ac59358cff4e9143503f59931e6c5121ee5814abfe7550783e4cb01c8613fa6b98bce03b941e8552dc039324186ecb275145e670de2543a40de14aa5edb67ec8cd6dee2e1d27735ddc453080aae3b2410bafbd4487dab9e51b9d7faee58582a50203010001a382016530820161301f0603551d23041830168014bbaf7e023dfaa6f13c848eadee3898ecd93232d4301d0603551d0e0416041490af6a3a945a0bd890ea125673df43b43a28dae7300e0603551d0f0101ff04040302018630120603551d130101ff040830060101ff020100301d0603551d250416301406082b0601050507030106082b06010505070302301b0603551d200414301230060604551d20003008060667810c010201304c0603551d1f044530433041a03fa03d863b687474703a2f2f63726c2e636f6d6f646f63612e636f6d2f434f4d4f444f52534143657274696669636174696f6e417574686f726974792e63726c307106082b0601050507010104653063303b06082b06010505073002862f687474703a2f2f6372742e636f6d6f646f63612e636f6d2f434f4d4f444f525341416464547275737443412e637274302406082b060105050730018618687474703a2f2f6f6373702e636f6d6f646f63612e636f6d300d06092a864886f70d01010c050003820201004e2b764f921c623689ba77c12705f41cd6449da99a3eaad56666013eea49e6a235bcfaf6dd958e9935980e361875b1dddd50727caedc7788ce0ff79020caa3672e1f567f7be144ea4295c45d0d01504615f28189596c8add8cf112a18d3a428a98f84b347b273b08b46f243b729d6374583c1a6c3f4fc7119ac8a8f5b537ef1045c66cd9e05e9526b3ebada3b9ee7f0c9a66357332604ee5dd8a612c6e5211776896d318755115001b7488dde1c738044328e916fdd905d45d472760d6fb383b6c72a294f8421adfed6f068c45c20600aae4e8dcd9b5e17378ecf623dcd1dd6c8e1a8fa5ea547c96b7c3fe558e8d495efc64bbcf3ebd96eb69cdbfe048f1628210e50c4657f233dad0c863edc61f9405964a1a91d1f7ebcf8f52ae0d08d93ea8a051e9c18774d5c9f774ab2e53fbbb7afb97e2f81f268fb3d2a0e0375b283b31e50e572d5ab8ad79ac5e20661aa5b9a6b539c1f59843ffeef9a7a7fdeeca243d8016c4178f8ac160a10cae5b4347914bd59a175ff9d487c1c28cb7e7e20f30193786ace0dc4203e694a89daefd0f245194ce9208d1fc50f003407b8859ed0eddacd2778234dc069502d890f92dea37d51a60d06720d7d8420b45af8268dedd66243790299419461925b880d7cbd486286a4470262362a99f866fbfba9070d256778578efea25a917ce50728c003aaae3db63349ff8067101e28220d4fe6fbdb1;308205743082045ca00302010202102766ee56eb49f38eabd770a2fc84de22300d06092a864886f70d01010c0500306f310b300906035504061302534531143012060355040a130b416464547275737420414231263024060355040b131d41646454727573742045787465726e616c20545450204e6574776f726b312230200603550403131941646454727573742045787465726e616c20434120526f6f74301e170d3030303533303130343833385a170d3230303533303130343833385a308185310b3009060355040613024742311b30190603550408131247726561746572204d616e636865737465723110300e0603550407130753616c666f7264311a3018060355040a1311434f4d4f444f204341204c696d69746564312b302906035504031322434f4d4f444f205253412043657274696669636174696f6e20417574686f7269747930820222300d06092a864886f70d01010105000382020f003082020a028202010091e85492d20a56b1ac0d24ddc5cf446774992b37a37d23700071bc53dfc4fa2a128f4b7f1056bd9f7072b7617fc94b0f17a73de3b00461eeff1197c7f4863e0afa3e5cf993e6347ad9146be79cb385a0827a76af7190d7ecfd0dfa9c6cfadfb082f4147ef9bec4a62f4f7f997fb5fc674372bd0c00d689eb6b2cd3ed8f981c14ab7ee5e36efcd8a8e49224da436b62b855fdeac1bc6cb68bf30e8d9ae49b6c6999f878483045d5ade10d3c4560fc32965127bc67c3ca2eb66bea46c7c720a0b11f65de4808baa44ea9f283463784ebe8cc814843674e722a9b5cbd4c1b288a5c227bb4ab98d9eee05183c309464e6d3e99fa9517da7c3357413c8d51ed0bb65caf2c631adf57c83fbce95dc49baf4599e2a35a24b4baa9563dcf6faaff4958bef0a8fff4b8ade937fbbab8f40b3af9e843421e89d884cb13f1d9bbe18960b88c2856ac141d9c0ae771ebcf0edd3da996a148bd3cf7afb50d224cc01181ec563bf6d3a2e25bb7b204225295809369e88e4c65f191032d707402ea8b671529695202bbd7df506a5546bfa0a328617f70d0c3a2aa2c21aa47ce289c064576bf821827b4d5aeb4cb50e66bf44c867130e9a6df1686e0d8ff40ddfbd042887fa3333a2e5c1e41118163ce18716b2beca68ab7315c3a6a47e0c37959d6201aaff26a98aa72bc574ad24b9dbb10fcb04c41e5ed1d3d5e289d9cccbfb351daa747e584530203010001a381f43081f1301f0603551d23041830168014adbd987a34b426f7fac42654ef03bde024cb541a301d0603551d0e04160414bbaf7e023dfaa6f13c848eadee3898ecd93232d4300e0603551d0f0101ff040403020186300f0603551d130101ff040530030101ff30110603551d20040a300830060604551d200030440603551d1f043d303b3039a037a0358633687474703a2f2f63726c2e7573657274727573742e636f6d2f416464547275737445787465726e616c4341526f6f742e63726c303506082b0601050507010104293027302506082b060105050730018619687474703a2f2f6f6373702e7573657274727573742e636f6d300d06092a864886f70d01010c0500038201010064bf83f15f9a85d0cdb8a129570de85af7d1e93ef276046ef15270bb1e3cff4d0d746acc818225d3c3a02a5d4cf5ba8ba16dc4540975c7e3270e5d847937401377f5b4ac1cd03bab1712d6ef34187e2be979d3ab57450caf28fad0dbe5509588bbdf8557697d92d852ca7381bf1cf3e6b86e661105b31e942d7f91959259f14ccea391714c7c470c3b0b19f6a1b16c863e5caac42e82cbf90796ba484d90f294c8a973a2eb067b239ddea2f34d559f7a6145981868c75e406b23f5797aef8cb56b8bb76f46f47bf13d4b04d89380595ae041241db28f15605847dbef6e46fd15f5d95f9ab3dbd8b8e440b3cd9739ae85bb1d8ebcdc879bd1a6eff13b6f10386f,
22,1.csv_6_10.12.28.101_49164_74.220.219.67_80.csv,4,1,0,0,0,0,0,0,0,0,0,0,0,0,0,0,0,0,0,0,514,6,119.34129899999999,4.306975073230936,302,40,85.66666666666667,9379.22222222222,106.08989898509031,40.0,40.0,40.0,40.0,40.0,40.0,46.0,52.0,177.0,514,6,119.34129899999999,4.306975073230936,302,40,85.66666666666667,9379.22222222222,106.08989898509031,40.0,40.0,40.0,40.0,40.0,40.0,46.0,52.0,177.0,0x0002;0x0002;0x0010;0x0018;0x0010;0x0010;0x0011,,,
23,1.csv_6_10.12.28.101_49164_74.220.219.67_80.csv,4,1,0,0,0,0,0,0,0,0,0,0,0,0,0,0,0,0,0,0,520,5,119.26342199999999,4.3600962581804845,356,40,104.0,15878.4,140.88293012285058,40.0,40.0,40.0,40.0,40.0,41.6,43.2,106.40000000000006,231.20000000000005,520,5,119.26342199999999,4.3600962581804845,356,40,104.0,15878.4,140.88293012285058,40.0,40.0,40.0,40.0,40.0,41.6,43.2,106.40000000000006,231.20000000000005,0x0012;0x0012;0x0010;0x0018;0x0019;0x0010,,,
24,0.csv_6_10.12.27.102_49166_199.188.200.143_80.csv,4,1,0,0,0,0,0,0,0,0,0,0,0,0,0,0,0,0,0,0,1297,26,1.3640109999999999,950.872097072531,285,40,49.88461538461539,2216.486686390533,48.01193761811904,40.0,40.0,40.0,40.0,40.0,40.0,40.0,40.0,40.0,1297,26,1.3640109999999999,950.872097072531,285,40,49.88461538461539,2216.486686390533,48.01193761811904,40.0,40.0,40.0,40.0,40.0,40.0,40.0,40.0,40.0,0x0002;0x0002;0x0010;0x0018;0x0010;0x0010;0x0010;0x0010;0x0010;0x0010;0x0010;0x0010;0x0010;0x0010;0x0010;0x0010;0x0010;0x0010;0x0010;0x0010;0x0010;0x0010;0x0010;0x0010;0x0010;0x0010;0x0014,,,
25,0.csv_6_10.12.27.102_49166_199.188.200.143_80.csv,4,1,0,0,0,0,0,0,0,0,0,0,0,0,0,0,0,0,0,0,96520,75,1.157449,83390.28328677981,1500,40,1286.9333333333334,60493.79555555554,247.61114530505137,1132.0,1132.0,1316.0,1316.0,1316.0,1316.0,1316.0,1500.0,1500.0,96520,75,1.157449,83390.28328677981,1500,40,1286.9333333333334,60493.79555555554,247.61114530505137,1132.0,1132.0,1316.0,1316.0,1316.0,1316.0,1316.0,1500.0,1500.0,0x0012;0x0012;0x0010;0x0010;0x0018;0x0010;0x0018;0x0010;0x0018;0x0018;0x0010;0x0018;0x0018;0x0018;0x0018;0x0018;0x0018;0x0010;0x0018;0x0010;0x0018;0x0018;0x0018;0x0018;0x0018;0x0010;0x0018;0x0010;0x0018;0x0018;0x0018;0x0018;0x0018;0x0018;0x0010;0x0010;0x0018;0x0018;0x0010;0x0018;0x0018;0x0018;0x0018;0x0018;0x0010;0x0018;0x0010;0x0018;0x0018;0x0010;0x0010;0x0018;0x0018;0x0018;0x0018;0x0018;0x0018;0x0018;0x0010;0x0018;0x0018;0x0018;0x0010;0x0010;0x0018;0x0018;0x0018;0x0018;0x0018;0x0010;0x0018;0x0018;0x0010;0x0018;0x0018;0x0018,,,
26,0.csv_6_10.12.27.102_49174_103.198.0.2_443.csv,4,1,0,0,0,0,0,0,0,0,0,0,0,0,0,0,0,0,0,0,2154,18,210.559258,10.229899271396558,429,40,119.66666666666667,18512.777777777774,140.00630237915132,40.0,40.0,40.0,40.0,40.0,40.0,50.79999999999998,227.00000000000006,350.6000000000001,2154,18,210.559258,10.229899271396558,429,40,119.66666666666667,18512.777777777774,140.00630237915132,40.0,40.0,40.0,40.0,40.0,40.0,50.79999999999998,227.00000000000006,350.6000000000001,0x0002;0x0002;0x0010;0x0018;0x0010;0x0010;0x0010;0x0018;0x0010;0x0018;0x0010;0x0010;0x0018;0x0010;0x0018;0x0010;0x0010;0x0011;0x0014,0x0303;0x0303;0x0303;0x0303;0x0303,,topyzscsu5poprxy.onion.link
27,0.csv_6_10.12.27.102_49174_103.198.0.2_443.csv,4,1,0,0,0,0,0,0,0,0,0,0,0,0,0,0,0,0,0,0,12462,19,210.46195900000004,59.21260098125381,1500,40,655.8947368421053,369676.9362880887,624.671548783558,40.0,40.0,41.599999999999994,113.4,557.0,1045.7999999999995,1305.2,1316.0,1351.8,12462,19,210.46195900000004,59.21260098125381,1500,40,655.8947368421053,369676.9362880887,624.671548783558,40.0,40.0,41.599999999999994,113.4,557.0,1045.7999999999995,1305.2,1316.0,1351.8,0x0012;0x0012;0x0010;0x0018;0x0018;0x0018;0x0018;0x0010;0x0018;0x0010;0x0010;0x0018;0x0018;0x0018;0x0010;0x0018;0x0010;0x0018;0x0019;0x0010,0x0303;0x0303;0x0303;0x0303;0x0303;0x0303;0x0303,3082064d30820535a003020102021100d562e1239af50f88ee4ab924a6f3a254300d06092a864886f70d01010b0500308190310b3009060355040613024742311b30190603550408131247726561746572204d616e636865737465723110300e0603550407130753616c666f7264311a3018060355040a1311434f4d4f444f204341204c696d69746564313630340603550403132d434f4d4f444f2052534120446f6d61696e2056616c69646174696f6e2053656375726520536572766572204341301e170d3137303530313030303030305a170d3139303530313233353935395a305a3121301f060355040b1318446f6d61696e20436f6e74726f6c2056616c696461746564311e301c060355040b1315457373656e7469616c53534c2057696c64636172643115301306035504030c0c2a2e6f6e696f6e2e6c696e6b30820222300d06092a864886f70d01010105000382020f003082020a0282020100b03731aa0e5ed01484d94079a89efc4d2b4bd3d0c9172ef1364e17532fedb159ddfc04636ea9b6a0db8fa3946bfcf0f94fbf6970ed5111997f94653e83d6eec96d794a71b7c7ff9cdbeb63610a42c77774433ac5399d9b60193934ee1fc0c76c9c377a4109e663f89027f887dc5cacb797b8136ba906a06817688d7faad413358d24c7fb8196f518d995294ce77c046c9c3e1576eb17e91572b6670d21238af2dde190f5b266700e513832d45be4d43a73c818430167ae8bef5d91d61c426c65e51f7651eb2c0dddcdea2a3d4d503ebb6ad51970dfc6655f375cc78694f4d23c68ee02b18071ae2643a5645cd1c792fba4376462e3eda295ffffe56c1c04abeede539b142e3c7d08be20b36304f268ae4fe91016b9f8a878fa86fe46564c27de054f8fcd8b660a67eca84d7d3c3c89593fa8bf4b6dd74ce58dbb71845a60e9eb4703abf9ee15f2f02c963c22e304d2565f62a15ba7b80c895853230d63582e2d508a887db3d2c02529491e4b2a99226f792ff7eeb1e5054f9041c4b9d237820724dd873f14e21e4052d5b686f3249b4a0b66acaca421d96efd72a9b80a0494d76a2ac1b0baa26bb81a94b13cd980a5c8f08ccd282e8c5c494f75e80bd794fb636e9277ff5dac5d38044af7113a333c3a3ea96341c5f345526362c43bd61431a3cdc7d185aba5a088a2614fc3dd663eef4b790aa3fadf366ccdca2d1e8461bc950203010001a38201d5308201d1301f0603551d2304183016801490af6a3a945a0bd890ea125673df43b43a28dae7301d0603551d0e041604140840eb965809cab9e8ceefefec4ebb9a2aa3ac89300e0603551d0f0101ff0404030205a0300c0603551d130101ff04023000301d0603551d250416301406082b0601050507030106082b06010505070302304f0603551d2004483046303a060b2b06010401b23101020207302b302906082b06010505070201161d68747470733a2f2f7365637572652e636f6d6f646f2e636f6d2f4350533008060667810c01020130540603551d1f044d304b3049a047a0458643687474703a2f2f63726c2e636f6d6f646f63612e636f6d2f434f4d4f444f525341446f6d61696e56616c69646174696f6e53656375726553657276657243412e63726c30818506082b0601050507010104793077304f06082b060105050730028643687474703a2f2f6372742e636f6d6f646f63612e636f6d2f434f4d4f444f525341446f6d61696e56616c69646174696f6e53656375726553657276657243412e637274302406082b060105050730018618687474703a2f2f6f6373702e636f6d6f646f63612e636f6d30230603551d11041c301a820c2a2e6f6e696f6e2e6c696e6b820a6f6e696f6e2e6c696e6b300d06092a864886f70d01010b050003820101008592c43a09c011bf721b7b22688913d43ce5f957880083122e9b46fd6e3a2ad4fc6295806051cb74a81de534bdc7a4fa3d9b916ebf559846784122e360460e1af5646666cbe71f83932f53e5656e468fbfc7d5159851de1130dac3dac928f803e1122cd5509e0bad328357cf30194af9c070433de267cbfbe70360c2361c55fadd3c500afd910e20267438f4d3998d82d8b7660a1502771ab2d3eea6e22186a53b040b55f344888feb2d5373e378be633aee57aaa805dd19c34c9198261085f1224685e5e320653202cef1565e2afc4ea5dbb2a863da4c8bd27e072d45509e54bc4a79ac6217a3a931892485bc14b3ad06e25b46b9cd680aabba3f08db9e6acd;30820608308203f0a00302010202102b2e6eead975366c148a6edba37c8c07300d06092a864886f70d01010c0500308185310b3009060355040613024742311b30190603550408131247726561746572204d616e636865737465723110300e0603550407130753616c666f7264311a3018060355040a1311434f4d4f444f204341204c696d69746564312b302906035504031322434f4d4f444f205253412043657274696669636174696f6e20417574686f72697479301e170d3134303231323030303030305a170d3239303231313233353935395a308190310b3009060355040613024742311b30190603550408131247726561746572204d616e636865737465723110300e0603550407130753616c666f7264311a3018060355040a1311434f4d4f444f204341204c696d69746564313630340603550403132d434f4d4f444f2052534120446f6d61696e2056616c69646174696f6e205365637572652053657276657220434130820122300d06092a864886f70d01010105000382010f003082010a02820101008ec20219e1a059a4eb38358d2cfd01d0d349c064c70b620545163aa8a0c00c027f1dccdbc4a16d7703a30f86f9e3069c3e0b818a9b491bad03befa4bdb8c20edd5ce5e658e3e0daf4cc2b0b7455e522f34de482464b441ae0097f7be67de9ed07aa753803b7cadf596556f97470a7c858b22978db384e09657d0701860968fee2d07939da1bacad1cd7be9c42a9a2821914d6f924f25a5f27a35dd26dc46a5d0ac59358cff4e9143503f59931e6c5121ee5814abfe7550783e4cb01c8613fa6b98bce03b941e8552dc039324186ecb275145e670de2543a40de14aa5edb67ec8cd6dee2e1d27735ddc453080aae3b2410bafbd4487dab9e51b9d7faee58582a50203010001a382016530820161301f0603551d23041830168014bbaf7e023dfaa6f13c848eadee3898ecd93232d4301d0603551d0e0416041490af6a3a945a0bd890ea125673df43b43a28dae7300e0603551d0f0101ff04040302018630120603551d130101ff040830060101ff020100301d0603551d250416301406082b0601050507030106082b06010505070302301b0603551d200414301230060604551d20003008060667810c010201304c0603551d1f044530433041a03fa03d863b687474703a2f2f63726c2e636f6d6f646f63612e636f6d2f434f4d4f444f52534143657274696669636174696f6e417574686f726974792e63726c307106082b0601050507010104653063303b06082b06010505073002862f687474703a2f2f6372742e636f6d6f646f63612e636f6d2f434f4d4f444f525341416464547275737443412e637274302406082b060105050730018618687474703a2f2f6f6373702e636f6d6f646f63612e636f6d300d06092a864886f70d01010c050003820201004e2b764f921c623689ba77c12705f41cd6449da99a3eaad56666013eea49e6a235bcfaf6dd958e9935980e361875b1dddd50727caedc7788ce0ff79020caa3672e1f567f7be144ea4295c45d0d01504615f28189596c8add8cf112a18d3a428a98f84b347b273b08b46f243b729d6374583c1a6c3f4fc7119ac8a8f5b537ef1045c66cd9e05e9526b3ebada3b9ee7f0c9a66357332604ee5dd8a612c6e5211776896d318755115001b7488dde1c738044328e916fdd905d45d472760d6fb383b6c72a294f8421adfed6f068c45c20600aae4e8dcd9b5e17378ecf623dcd1dd6c8e1a8fa5ea547c96b7c3fe558e8d495efc64bbcf3ebd96eb69cdbfe048f1628210e50c4657f233dad0c863edc61f9405964a1a91d1f7ebcf8f52ae0d08d93ea8a051e9c18774d5c9f774ab2e53fbbb7afb97e2f81f268fb3d2a0e0375b283b31e50e572d5ab8ad79ac5e20661aa5b9a6b539c1f59843ffeef9a7a7fdeeca243d8016c4178f8ac160a10cae5b4347914bd59a175ff9d487c1c28cb7e7e20f30193786ace0dc4203e694a89daefd0f245194ce9208d1fc50f003407b8859ed0eddacd2778234dc069502d890f92dea37d51a60d06720d7d8420b45af8268dedd66243790299419461925b880d7cbd486286a4470262362a99f866fbfba9070d256778578efea25a917ce50728c003aaae3db63349ff8067101e28220d4fe6fbdb1;308205743082045ca00302010202102766ee56eb49f38eabd770a2fc84de22300d06092a864886f70d01010c0500306f310b300906035504061302534531143012060355040a130b416464547275737420414231263024060355040b131d41646454727573742045787465726e616c20545450204e6574776f726b312230200603550403131941646454727573742045787465726e616c20434120526f6f74301e170d3030303533303130343833385a170d3230303533303130343833385a308185310b3009060355040613024742311b30190603550408131247726561746572204d616e636865737465723110300e0603550407130753616c666f7264311a3018060355040a1311434f4d4f444f204341204c696d69746564312b302906035504031322434f4d4f444f205253412043657274696669636174696f6e20417574686f7269747930820222300d06092a864886f70d01010105000382020f003082020a028202010091e85492d20a56b1ac0d24ddc5cf446774992b37a37d23700071bc53dfc4fa2a128f4b7f1056bd9f7072b7617fc94b0f17a73de3b00461eeff1197c7f4863e0afa3e5cf993e6347ad9146be79cb385a0827a76af7190d7ecfd0dfa9c6cfadfb082f4147ef9bec4a62f4f7f997fb5fc674372bd0c00d689eb6b2cd3ed8f981c14ab7ee5e36efcd8a8e49224da436b62b855fdeac1bc6cb68bf30e8d9ae49b6c6999f878483045d5ade10d3c4560fc32965127bc67c3ca2eb66bea46c7c720a0b11f65de4808baa44ea9f283463784ebe8cc814843674e722a9b5cbd4c1b288a5c227bb4ab98d9eee05183c309464e6d3e99fa9517da7c3357413c8d51ed0bb65caf2c631adf57c83fbce95dc49baf4599e2a35a24b4baa9563dcf6faaff4958bef0a8fff4b8ade937fbbab8f40b3af9e843421e89d884cb13f1d9bbe18960b88c2856ac141d9c0ae771ebcf0edd3da996a148bd3cf7afb50d224cc01181ec563bf6d3a2e25bb7b204225295809369e88e4c65f191032d707402ea8b671529695202bbd7df506a5546bfa0a328617f70d0c3a2aa2c21aa47ce289c064576bf821827b4d5aeb4cb50e66bf44c867130e9a6df1686e0d8ff40ddfbd042887fa3333a2e5c1e41118163ce18716b2beca68ab7315c3a6a47e0c37959d6201aaff26a98aa72bc574ad24b9dbb10fcb04c41e5ed1d3d5e289d9cccbfb351daa747e584530203010001a381f43081f1301f0603551d23041830168014adbd987a34b426f7fac42654ef03bde024cb541a301d0603551d0e04160414bbaf7e023dfaa6f13c848eadee3898ecd93232d4300e0603551d0f0101ff040403020186300f0603551d130101ff040530030101ff30110603551d20040a300830060604551d200030440603551d1f043d303b3039a037a0358633687474703a2f2f63726c2e7573657274727573742e636f6d2f416464547275737445787465726e616c4341526f6f742e63726c303506082b0601050507010104293027302506082b060105050730018619687474703a2f2f6f6373702e7573657274727573742e636f6d300d06092a864886f70d01010c0500038201010064bf83f15f9a85d0cdb8a129570de85af7d1e93ef276046ef15270bb1e3cff4d0d746acc818225d3c3a02a5d4cf5ba8ba16dc4540975c7e3270e5d847937401377f5b4ac1cd03bab1712d6ef34187e2be979d3ab57450caf28fad0dbe5509588bbdf8557697d92d852ca7381bf1cf3e6b86e661105b31e942d7f91959259f14ccea391714c7c470c3b0b19f6a1b16c863e5caac42e82cbf90796ba484d90f294c8a973a2eb067b239ddea2f34d559f7a6145981868c75e406b23f5797aef8cb56b8bb76f46f47bf13d4b04d89380595ae041241db28f15605847dbef6e46fd15f5d95f9ab3dbd8b8e440b3cd9739ae85bb1d8ebcdc879bd1a6eff13b6f10386f,
28,0.csv_17_10.12.27.102__10.12.27.1_.csv,4,0,0,0,0,0,0,0,0,0,0,0,0,0,0,0,0,0,0,0,79,1,0.0,0.0,79,79,79.0,0.0,,79.0,79.0,79.0,79.0,79.0,79.0,79.0,79.0,79.0,79,1,0.0,0.0,79,79,79.0,0.0,,79.0,79.0,79.0,79.0,79.0,79.0,79.0,79.0,79.0,,,,
29,0.csv_17_10.12.27.102__10.12.27.1_.csv,4,0,0,0,0,0,0,0,0,0,0,0,0,0,0,0,0,0,0,0,109,1,0.0,0.0,109,109,109.0,0.0,,109.0,109.0,109.0,109.0,109.0,109.0,109.0,109.0,109.0,109,1,0.0,0.0,109,109,109.0,0.0,,109.0,109.0,109.0,109.0,109.0,109.0,109.0,109.0,109.0,,,,
30,0.csv_17_10.12.27.102__10.12.27.1_.csv,4,0,0,0,0,0,0,0,0,0,0,0,0,0,0,0,0,0,0,0,58,1,0.0,0.0,58,58,58.0,0.0,,58.0,58.0,58.0,58.0,58.0,58.0,58.0,58.0,58.0,58,1,0.0,0.0,58,58,58.0,0.0,,58.0,58.0,58.0,58.0,58.0,58.0,58.0,58.0,58.0,,,,
31,0.csv_17_10.12.27.102__10.12.27.1_.csv,4,0,0,0,0,0,0,0,0,0,0,0,0,0,0,0,0,0,0,0,74,1,0.0,0.0,74,74,74.0,0.0,,74.0,74.0,74.0,74.0,74.0,74.0,74.0,74.0,74.0,74,1,0.0,0.0,74,74,74.0,0.0,,74.0,74.0,74.0,74.0,74.0,74.0,74.0,74.0,74.0,,,,
32,0.csv_17_10.12.27.102__10.12.27.1_.csv,4,0,0,0,0,0,0,0,0,0,0,0,0,0,0,0,0,0,0,0,73,1,0.0,0.0,73,73,73.0,0.0,,73.0,73.0,73.0,73.0,73.0,73.0,73.0,73.0,73.0,73,1,0.0,0.0,73,73,73.0,0.0,,73.0,73.0,73.0,73.0,73.0,73.0,73.0,73.0,73.0,,,,
33,0.csv_17_10.12.27.102__10.12.27.1_.csv,4,0,0,0,0,0,0,0,0,0,0,0,0,0,0,0,0,0,0,0,89,1,0.0,0.0,89,89,89.0,0.0,,89.0,89.0,89.0,89.0,89.0,89.0,89.0,89.0,89.0,89,1,0.0,0.0,89,89,89.0,0.0,,89.0,89.0,89.0,89.0,89.0,89.0,89.0,89.0,89.0,,,,
34,1.csv_6_10.12.28.101_49163_199.188.200.142_80.csv,4,1,0,0,0,0,0,0,0,0,0,0,0,0,0,0,0,0,0,0,3194,72,0.599544,5327.382143762593,342,40,44.361111111111114,1249.7029320987656,35.59921883759018,40.0,40.0,40.0,40.0,40.0,40.0,40.0,40.0,40.0,3194,72,0.599544,5327.382143762593,342,40,44.361111111111114,1249.7029320987656,35.59921883759018,40.0,40.0,40.0,40.0,40.0,40.0,40.0,40.0,40.0,0x0002;0x0002;0x0010;0x0018;0x0010;0x0010;0x0010;0x0010;0x0010;0x0010;0x0010;0x0010;0x0010;0x0010;0x0010;0x0010;0x0010;0x0010;0x0010;0x0010;0x0010;0x0010;0x0010;0x0010;0x0010;0x0010;0x0010;0x0010;0x0010;0x0010;0x0010;0x0010;0x0010;0x0010;0x0010;0x0010;0x0010;0x0010;0x0010;0x0010;0x0010;0x0010;0x0010;0x0010;0x0010;0x0010;0x0010;0x0010;0x0010;0x0010;0x0010;0x0010;0x0010;0x0010;0x0010;0x0010;0x0010;0x0010;0x0010;0x0010;0x0010;0x0010;0x0010;0x0010;0x0010;0x0010;0x0010;0x0010;0x0010;0x0010;0x0010;0x0010;0x0014,,,
35,1.csv_6_10.12.28.101_49163_199.188.200.142_80.csv,4,1,0,0,0,0,0,0,0,0,0,0,0,0,0,0,0,0,0,0,228884,176,0.497081,460456.14296261576,1500,40,1300.4772727272727,34169.317665289265,185.37683487720605,1132.0,1316.0,1316.0,1316.0,1316.0,1316.0,1316.0,1316.0,1500.0,228884,176,0.497081,460456.14296261576,1500,40,1300.4772727272727,34169.317665289265,185.37683487720605,1132.0,1316.0,1316.0,1316.0,1316.0,1316.0,1316.0,1316.0,1500.0,0x0012;0x0012;0x0010;0x0018;0x0018;0x0018;0x0018;0x0010;0x0018;0x0018;0x0018;0x0018;0x0018;0x0018;0x0010;0x0018;0x0018;0x0018;0x0018;0x0010;0x0010;0x0010;0x0010;0x0018;0x0018;0x0018;0x0018;0x0018;0x0018;0x0018;0x0018;0x0010;0x0018;0x0018;0x0018;0x0018;0x0018;0x0018;0x0018;0x0018;0x0018;0x0010;0x0018;0x0018;0x0018;0x0018;0x0018;0x0018;0x0018;0x0010;0x0018;0x0018;0x0018;0x0010;0x0010;0x0018;0x0018;0x0018;0x0018;0x0010;0x0018;0x0018;0x0018;0x0018;0x0018;0x0018;0x0010;0x0018;0x0018;0x0018;0x0018;0x0018;0x0018;0x0010;0x0018;0x0018;0x0018;0x0018;0x0018;0x0018;0x0018;0x0018;0x0018;0x0018;0x0018;0x0010;0x0018;0x0018;0x0018;0x0018;0x0018;0x0018;0x0018;0x0018;0x0018;0x0018;0x0018;0x0010;0x0010;0x0018;0x0018;0x0018;0x0018;0x0018;0x0018;0x0018;0x0018;0x0018;0x0010;0x0018;0x0018;0x0018;0x0010;0x0018;0x0018;0x0018;0x0018;0x0010;0x0010;0x0018;0x0018;0x0010;0x0018;0x0010;0x0018;0x0018;0x0018;0x0010;0x0018;0x0018;0x0010;0x0018;0x0018;0x0018;0x0018;0x0018;0x0010;0x0018;0x0018;0x0018;0x0018;0x0018;0x0018;0x0018;0x0018;0x0010;0x0018;0x0018;0x0010;0x0018;0x0010;0x0018;0x0018;0x0010;0x0018;0x0018;0x0018;0x0018;0x0010;0x0018;0x0018;0x0018;0x0018;0x0018;0x0018;0x0018;0x0018;0x0018;0x0018;0x0018;0x0018;0x0018;0x0018;0x0018;0x0018;0x0018;0x0018,,,
36,1.csv_6_10.12.28.101_49171_103.198.0.2_443.csv,4,1,0,0,0,0,0,0,0,0,0,0,0,0,0,0,0,0,0,0,1408,16,115.60436299999999,12.179471115636009,429,40,88.0,11409.875,110.32014019812217,40.0,40.0,40.0,40.0,40.0,40.0,40.0,52.0,223.5,1408,16,115.60436299999999,12.179471115636009,429,40,88.0,11409.875,110.32014019812217,40.0,40.0,40.0,40.0,40.0,40.0,40.0,52.0,223.5,0x0002;0x0002;0x0010;0x0018;0x0010;0x0010;0x0010;0x0010;0x0018;0x0010;0x0018;0x0010;0x0010;0x0010;0x0010;0x0011;0x0014,0x0303;0x0303;0x0303,,topyzscsu5poprxy.onion.link
37,1.csv_6_10.12.28.101_49171_103.198.0.2_443.csv,4,1,0,0,0,0,0,0,0,0,0,0,0,0,0,0,0,0,0,0,11204,17,115.47353899999999,97.02655774670595,1500,40,659.0588235294117,394142.87889273354,647.1296692499343,40.0,40.0,43.2,117.80000000000001,219.0,1121.2,1168.8,1316.0,1500.0,11204,17,115.47353899999999,97.02655774670595,1500,40,659.0588235294117,394142.87889273354,647.1296692499343,40.0,40.0,43.2,117.80000000000001,219.0,1121.2,1168.8,1316.0,1500.0,0x0012;0x0012;0x0010;0x0018;0x0018;0x0010;0x0018;0x0018;0x0010;0x0018;0x0010;0x0010;0x0018;0x0010;0x0018;0x0018;0x0019;0x0010,0x0303;0x0303;0x0303;0x0303;0x0303;0x0303,3082064d30820535a003020102021100d562e1239af50f88ee4ab924a6f3a254300d06092a864886f70d01010b0500308190310b3009060355040613024742311b30190603550408131247726561746572204d616e636865737465723110300e0603550407130753616c666f7264311a3018060355040a1311434f4d4f444f204341204c696d69746564313630340603550403132d434f4d4f444f2052534120446f6d61696e2056616c69646174696f6e2053656375726520536572766572204341301e170d3137303530313030303030305a170d3139303530313233353935395a305a3121301f060355040b1318446f6d61696e20436f6e74726f6c2056616c696461746564311e301c060355040b1315457373656e7469616c53534c2057696c64636172643115301306035504030c0c2a2e6f6e696f6e2e6c696e6b30820222300d06092a864886f70d01010105000382020f003082020a0282020100b03731aa0e5ed01484d94079a89efc4d2b4bd3d0c9172ef1364e17532fedb159ddfc04636ea9b6a0db8fa3946bfcf0f94fbf6970ed5111997f94653e83d6eec96d794a71b7c7ff9cdbeb63610a42c77774433ac5399d9b60193934ee1fc0c76c9c377a4109e663f89027f887dc5cacb797b8136ba906a06817688d7faad413358d24c7fb8196f518d995294ce77c046c9c3e1576eb17e91572b6670d21238af2dde190f5b266700e513832d45be4d43a73c818430167ae8bef5d91d61c426c65e51f7651eb2c0dddcdea2a3d4d503ebb6ad51970dfc6655f375cc78694f4d23c68ee02b18071ae2643a5645cd1c792fba4376462e3eda295ffffe56c1c04abeede539b142e3c7d08be20b36304f268ae4fe91016b9f8a878fa86fe46564c27de054f8fcd8b660a67eca84d7d3c3c89593fa8bf4b6dd74ce58dbb71845a60e9eb4703abf9ee15f2f02c963c22e304d2565f62a15ba7b80c895853230d63582e2d508a887db3d2c02529491e4b2a99226f792ff7eeb1e5054f9041c4b9d237820724dd873f14e21e4052d5b686f3249b4a0b66acaca421d96efd72a9b80a0494d76a2ac1b0baa26bb81a94b13cd980a5c8f08ccd282e8c5c494f75e80bd794fb636e9277ff5dac5d38044af7113a333c3a3ea96341c5f345526362c43bd61431a3cdc7d185aba5a088a2614fc3dd663eef4b790aa3fadf366ccdca2d1e8461bc950203010001a38201d5308201d1301f0603551d2304183016801490af6a3a945a0bd890ea125673df43b43a28dae7301d0603551d0e041604140840eb965809cab9e8ceefefec4ebb9a2aa3ac89300e0603551d0f0101ff0404030205a0300c0603551d130101ff04023000301d0603551d250416301406082b0601050507030106082b06010505070302304f0603551d2004483046303a060b2b06010401b23101020207302b302906082b06010505070201161d68747470733a2f2f7365637572652e636f6d6f646f2e636f6d2f4350533008060667810c01020130540603551d1f044d304b3049a047a0458643687474703a2f2f63726c2e636f6d6f646f63612e636f6d2f434f4d4f444f525341446f6d61696e56616c69646174696f6e53656375726553657276657243412e63726c30818506082b0601050507010104793077304f06082b060105050730028643687474703a2f2f6372742e636f6d6f646f63612e636f6d2f434f4d4f444f525341446f6d61696e56616c69646174696f6e53656375726553657276657243412e637274302406082b060105050730018618687474703a2f2f6f6373702e636f6d6f646f63612e636f6d30230603551d11041c301a820c2a2e6f6e696f6e2e6c696e6b820a6f6e696f6e2e6c696e6b300d06092a864886f70d01010b050003820101008592c43a09c011bf721b7b22688913d43ce5f957880083122e9b46fd6e3a2ad4fc6295806051cb74a81de534bdc7a4fa3d9b916ebf559846784122e360460e1af5646666cbe71f83932f53e5656e468fbfc7d5159851de1130dac3dac928f803e1122cd5509e0bad328357cf30194af9c070433de267cbfbe70360c2361c55fadd3c500afd910e20267438f4d3998d82d8b7660a1502771ab2d3eea6e22186a53b040b55f344888feb2d5373e378be633aee57aaa805dd19c34c9198261085f1224685e5e320653202cef1565e2afc4ea5dbb2a863da4c8bd27e072d45509e54bc4a79ac6217a3a931892485bc14b3ad06e25b46b9cd680aabba3f08db9e6acd;30820608308203f0a00302010202102b2e6eead975366c148a6edba37c8c07300d06092a864886f70d01010c0500308185310b3009060355040613024742311b30190603550408131247726561746572204d616e636865737465723110300e0603550407130753616c666f7264311a3018060355040a1311434f4d4f444f204341204c696d69746564312b302906035504031322434f4d4f444f205253412043657274696669636174696f6e20417574686f72697479301e170d3134303231323030303030305a170d3239303231313233353935395a308190310b3009060355040613024742311b30190603550408131247726561746572204d616e636865737465723110300e0603550407130753616c666f7264311a3018060355040a1311434f4d4f444f204341204c696d69746564313630340603550403132d434f4d4f444f2052534120446f6d61696e2056616c69646174696f6e205365637572652053657276657220434130820122300d06092a864886f70d01010105000382010f003082010a02820101008ec20219e1a059a4eb38358d2cfd01d0d349c064c70b620545163aa8a0c00c027f1dccdbc4a16d7703a30f86f9e3069c3e0b818a9b491bad03befa4bdb8c20edd5ce5e658e3e0daf4cc2b0b7455e522f34de482464b441ae0097f7be67de9ed07aa753803b7cadf596556f97470a7c858b22978db384e09657d0701860968fee2d07939da1bacad1cd7be9c42a9a2821914d6f924f25a5f27a35dd26dc46a5d0ac59358cff4e9143503f59931e6c5121ee5814abfe7550783e4cb01c8613fa6b98bce03b941e8552dc039324186ecb275145e670de2543a40de14aa5edb67ec8cd6dee2e1d27735ddc453080aae3b2410bafbd4487dab9e51b9d7faee58582a50203010001a382016530820161301f0603551d23041830168014bbaf7e023dfaa6f13c848eadee3898ecd93232d4301d0603551d0e0416041490af6a3a945a0bd890ea125673df43b43a28dae7300e0603551d0f0101ff04040302018630120603551d130101ff040830060101ff020100301d0603551d250416301406082b0601050507030106082b06010505070302301b0603551d200414301230060604551d20003008060667810c010201304c0603551d1f044530433041a03fa03d863b687474703a2f2f63726c2e636f6d6f646f63612e636f6d2f434f4d4f444f52534143657274696669636174696f6e417574686f726974792e63726c307106082b0601050507010104653063303b06082b06010505073002862f687474703a2f2f6372742e636f6d6f646f63612e636f6d2f434f4d4f444f525341416464547275737443412e637274302406082b060105050730018618687474703a2f2f6f6373702e636f6d6f646f63612e636f6d300d06092a864886f70d01010c050003820201004e2b764f921c623689ba77c12705f41cd6449da99a3eaad56666013eea49e6a235bcfaf6dd958e9935980e361875b1dddd50727caedc7788ce0ff79020caa3672e1f567f7be144ea4295c45d0d01504615f28189596c8add8cf112a18d3a428a98f84b347b273b08b46f243b729d6374583c1a6c3f4fc7119ac8a8f5b537ef1045c66cd9e05e9526b3ebada3b9ee7f0c9a66357332604ee5dd8a612c6e5211776896d318755115001b7488dde1c738044328e916fdd905d45d472760d6fb383b6c72a294f8421adfed6f068c45c20600aae4e8dcd9b5e17378ecf623dcd1dd6c8e1a8fa5ea547c96b7c3fe558e8d495efc64bbcf3ebd96eb69cdbfe048f1628210e50c4657f233dad0c863edc61f9405964a1a91d1f7ebcf8f52ae0d08d93ea8a051e9c18774d5c9f774ab2e53fbbb7afb97e2f81f268fb3d2a0e0375b283b31e50e572d5ab8ad79ac5e20661aa5b9a6b539c1f59843ffeef9a7a7fdeeca243d8016c4178f8ac160a10cae5b4347914bd59a175ff9d487c1c28cb7e7e20f30193786ace0dc4203e694a89daefd0f245194ce9208d1fc50f003407b8859ed0eddacd2778234dc069502d890f92dea37d51a60d06720d7d8420b45af8268dedd66243790299419461925b880d7cbd486286a4470262362a99f866fbfba9070d256778578efea25a917ce50728c003aaae3db63349ff8067101e28220d4fe6fbdb1;308205743082045ca00302010202102766ee56eb49f38eabd770a2fc84de22300d06092a864886f70d01010c0500306f310b300906035504061302534531143012060355040a130b416464547275737420414231263024060355040b131d41646454727573742045787465726e616c20545450204e6574776f726b312230200603550403131941646454727573742045787465726e616c20434120526f6f74301e170d3030303533303130343833385a170d3230303533303130343833385a308185310b3009060355040613024742311b30190603550408131247726561746572204d616e636865737465723110300e0603550407130753616c666f7264311a3018060355040a1311434f4d4f444f204341204c696d69746564312b302906035504031322434f4d4f444f205253412043657274696669636174696f6e20417574686f7269747930820222300d06092a864886f70d01010105000382020f003082020a028202010091e85492d20a56b1ac0d24ddc5cf446774992b37a37d23700071bc53dfc4fa2a128f4b7f1056bd9f7072b7617fc94b0f17a73de3b00461eeff1197c7f4863e0afa3e5cf993e6347ad9146be79cb385a0827a76af7190d7ecfd0dfa9c6cfadfb082f4147ef9bec4a62f4f7f997fb5fc674372bd0c00d689eb6b2cd3ed8f981c14ab7ee5e36efcd8a8e49224da436b62b855fdeac1bc6cb68bf30e8d9ae49b6c6999f878483045d5ade10d3c4560fc32965127bc67c3ca2eb66bea46c7c720a0b11f65de4808baa44ea9f283463784ebe8cc814843674e722a9b5cbd4c1b288a5c227bb4ab98d9eee05183c309464e6d3e99fa9517da7c3357413c8d51ed0bb65caf2c631adf57c83fbce95dc49baf4599e2a35a24b4baa9563dcf6faaff4958bef0a8fff4b8ade937fbbab8f40b3af9e843421e89d884cb13f1d9bbe18960b88c2856ac141d9c0ae771ebcf0edd3da996a148bd3cf7afb50d224cc01181ec563bf6d3a2e25bb7b204225295809369e88e4c65f191032d707402ea8b671529695202bbd7df506a5546bfa0a328617f70d0c3a2aa2c21aa47ce289c064576bf821827b4d5aeb4cb50e66bf44c867130e9a6df1686e0d8ff40ddfbd042887fa3333a2e5c1e41118163ce18716b2beca68ab7315c3a6a47e0c37959d6201aaff26a98aa72bc574ad24b9dbb10fcb04c41e5ed1d3d5e289d9cccbfb351daa747e584530203010001a381f43081f1301f0603551d23041830168014adbd987a34b426f7fac42654ef03bde024cb541a301d0603551d0e04160414bbaf7e023dfaa6f13c848eadee3898ecd93232d4300e0603551d0f0101ff040403020186300f0603551d130101ff040530030101ff30110603551d20040a300830060604551d200030440603551d1f043d303b3039a037a0358633687474703a2f2f63726c2e7573657274727573742e636f6d2f416464547275737445787465726e616c4341526f6f742e63726c303506082b0601050507010104293027302506082b060105050730018619687474703a2f2f6f6373702e7573657274727573742e636f6d300d06092a864886f70d01010c0500038201010064bf83f15f9a85d0cdb8a129570de85af7d1e93ef276046ef15270bb1e3cff4d0d746acc818225d3c3a02a5d4cf5ba8ba16dc4540975c7e3270e5d847937401377f5b4ac1cd03bab1712d6ef34187e2be979d3ab57450caf28fad0dbe5509588bbdf8557697d92d852ca7381bf1cf3e6b86e661105b31e942d7f91959259f14ccea391714c7c470c3b0b19f6a1b16c863e5caac42e82cbf90796ba484d90f294c8a973a2eb067b239ddea2f34d559f7a6145981868c75e406b23f5797aef8cb56b8bb76f46f47bf13d4b04d89380595ae041241db28f15605847dbef6e46fd15f5d95f9ab3dbd8b8e440b3cd9739ae85bb1d8ebcdc879bd1a6eff13b6f10386f,
