1,0.000000000,17,10.12.28.101,10.12.28.1,,,53096,53,60,20,,,,0,,,,
2,0.087422000,17,10.12.28.1,10.12.28.101,,,53,53096,76,20,,,,0,,,,
3,0.095311000,6,10.12.28.101,199.188.200.142,49163,80,,,52,20,0x00000002,32,,0,0,,,
4,0.160786000,6,199.188.200.142,10.12.28.101,80,49163,,,44,20,0x00000012,24,,0,1,,,
5,0.160967000,6,10.12.28.101,199.188.200.142,49163,80,,,40,20,0x00000010,20,,0,1,,,
6,0.161506000,6,10.12.28.101,199.188.200.142,49163,80,,,342,20,0x00000018,20,,0,1,,,
7,0.161515000,6,199.188.200.142,10.12.28.101,80,49163,,,40,20,0x00000010,20,,0,303,,,
8,0.282832000,6,199.188.200.142,10.12.28.101,80,49163,,,1316,20,0x00000018,20,,0,303,,,
9,0.282941000,6,10.12.28.101,199.188.200.142,49163,80,,,40,20,0x00000010,20,,0,1277,,,
10,0.283184000,6,199.188.200.142,10.12.28.101,80,49163,,,1316,20,0x00000018,20,,0,303,,,
11,0.283281000,6,199.188.200.142,10.12.28.101,80,49163,,,1316,20,0x00000018,20,,0,303,,,
12,0.283633000,6,10.12.28.101,199.188.200.142,49163,80,,,40,20,0x00000010,20,,0,3829,,,
13,0.283639000,6,199.188.200.142,10.12.28.101,80,49163,,,1316,20,0x00000018,20,,0,303,,,
14,0.283662000,6,199.188.200.142,10.12.28.101,80,49163,,,1500,20,0x00000010,20,,0,303,,,
15,0.283664000,6,199.188.200.142,10.12.28.101,80,49163,,,1132,20,0x00000018,20,,0,303,,,
16,0.283666000,6,199.188.200.142,10.12.28.101,80,49163,,,1316,20,0x00000018,20,,0,303,,,
17,0.283757000,6,199.188.200.142,10.12.28.101,80,49163,,,1316,20,0x00000018,20,,0,303,,,
18,0.283840000,6,10.12.28.101,199.188.200.142,49163,80,,,40,20,0x00000010,20,,0,10209,,,
19,0.285080000,6,199.188.200.142,10.12.28.101,80,49163,,,1316,20,0x00000018,20,,0,303,,,
20,0.285089000,6,199.188.200.142,10.12.28.101,80,49163,,,1316,20,0x00000018,20,,0,303,,,
21,0.285431000,6,10.12.28.101,199.188.200.142,49163,80,,,40,20,0x00000010,20,,0,12761,,,
22,0.296829000,6,10.12.28.101,199.188.200.142,49163,80,,,40,20,0x00000010,20,,0,12761,,,
23,0.355008000,6,199.188.200.142,10.12.28.101,80,49163,,,1316,20,0x00000018,20,,0,303,,,
24,0.355287000,6,199.188.200.142,10.12.28.101,80,49163,,,1500,20,0x00000010,20,,0,303,,,
25,0.355447000,6,199.188.200.142,10.12.28.101,80,49163,,,1132,20,0x00000018,20,,0,303,,,
26,0.355745000,6,199.188.200.142,10.12.28.101,80,49163,,,1316,20,0x00000018,20,,0,303,,,
27,0.355758000,6,199.188.200.142,10.12.28.101,80,49163,,,1316,20,0x00000018,20,,0,303,,,
28,0.355762000,6,199.188.200.142,10.12.28.101,80,49163,,,1316,20,0x00000018,20,,0,303,,,
29,0.355904000,6,10.12.28.101,199.188.200.142,49163,80,,,40,20,0x00000010,20,,0,20417,,,
30,0.357151000,6,199.188.200.142,10.12.28.101,80,49163,,,1500,20,0x00000010,20,,0,303,,,
31,0.357163000,6,199.188.200.142,10.12.28.101,80,49163,,,1500,20,0x00000010,20,,0,303,,,
32,0.357165000,6,199.188.200.142,10.12.28.101,80,49163,,,1500,20,0x00000010,20,,0,303,,,
33,0.357168000,6,199.188.200.142,10.12.28.101,80,49163,,,1500,20,0x00000010,20,,0,303,,,
34,0.357170000,6,199.188.200.142,10.12.28.101,80,49163,,,580,20,0x00000018,20,,0,303,,,
35,0.357316000,6,10.12.28.101,199.188.200.142,49163,80,,,40,20,0x00000010,20,,0,26797,,,
36,0.357712000,6,199.188.200.142,10.12.28.101,80,49163,,,1316,20,0x00000018,20,,0,303,,,
37,0.357718000,6,199.188.200.142,10.12.28.101,80,49163,,,1316,20,0x00000018,20,,0,303,,,
38,0.357858000,6,199.188.200.142,10.12.28.101,80,49163,,,1316,20,0x00000018,20,,0,303,,,
39,0.357864000,6,199.188.200.142,10.12.28.101,80,49163,,,1316,20,0x00000018,20,,0,303,,,
40,0.358079000,6,10.12.28.101,199.188.200.142,49163,80,,,40,20,0x00000010,20,,0,31901,,,
41,0.431088000,6,199.188.200.142,10.12.28.101,80,49163,,,1316,20,0x00000018,20,,0,303,,,
42,0.431155000,6,199.188.200.142,10.12.28.101,80,49163,,,1316,20,0x00000018,20,,0,303,,,
43,0.431442000,6,199.188.200.142,10.12.28.101,80,49163,,,1316,20,0x00000018,20,,0,303,,,
44,0.431585000,6,199.188.200.142,10.12.28.101,80,49163,,,1500,20,0x00000010,20,,0,303,,,
45,0.431594000,6,199.188.200.142,10.12.28.101,80,49163,,,1132,20,0x00000018,20,,0,303,,,
46,0.431980000,6,199.188.200.142,10.12.28.101,80,49163,,,1316,20,0x00000018,20,,0,303,,,
47,0.431993000,6,10.12.28.101,199.188.200.142,49163,80,,,40,20,0x00000010,20,,0,34453,,,
48,0.431997000,6,199.188.200.142,10.12.28.101,80,49163,,,1316,20,0x00000018,20,,0,303,,,
49,0.432241000,6,199.188.200.142,10.12.28.101,80,49163,,,1316,20,0x00000018,20,,0,303,,,
50,0.432435000,6,199.188.200.142,10.12.28.101,80,49163,,,1316,20,0x00000018,20,,0,303,,,
51,0.432447000,6,199.188.200.142,10.12.28.101,80,49163,,,1316,20,0x00000018,20,,0,303,,,
52,0.433261000,6,10.12.28.101,199.188.200.142,49163,80,,,40,20,0x00000010,20,,0,44661,,,
53,0.433562000,6,10.12.28.101,199.188.200.142,49163,80,,,40,20,0x00000010,20,,0,44661,,,
54,0.438938000,6,199.188.200.142,10.12.28.101,80,49163,,,1316,20,0x00000018,20,,0,303,,,
55,0.439158000,6,10.12.28.101,199.188.200.142,49163,80,,,40,20,0x00000010,20,,0,45937,,,
56,0.439163000,6,199.188.200.142,10.12.28.101,80,49163,,,1316,20,0x00000018,20,,0,303,,,
57,0.439314000,6,10.12.28.101,199.188.200.142,49163,80,,,40,20,0x00000010,20,,0,47213,,,
58,0.439320000,6,199.188.200.142,10.12.28.101,80,49163,,,1316,20,0x00000018,20,,0,303,,,
59,0.439524000,6,10.12.28.101,199.188.200.142,49163,80,,,40,20,0x00000010,20,,0,48489,,,
60,0.440255000,6,199.188.200.142,10.12.28.101,80,49163,,,1500,20,0x00000010,20,,0,303,,,
61,0.440267000,6,199.188.200.142,10.12.28.101,80,49163,,,1132,20,0x00000018,20,,0,303,,,
62,0.440433000,6,10.12.28.101,199.188.200.142,49163,80,,,40,20,0x00000010,20,,0,51041,,,
63,0.441180000,6,199.188.200.142,10.12.28.101,80,49163,,,1316,20,0x00000018,20,,0,303,,,
64,0.441199000,6,199.188.200.142,10.12.28.101,80,49163,,,1316,20,0x00000018,20,,0,303,,,
65,0.441203000,6,199.188.200.142,10.12.28.101,80,49163,,,1316,20,0x00000018,20,,0,303,,,
66,0.441205000,6,199.188.200.142,10.12.28.101,80,49163,,,1316,20,0x00000018,20,,0,303,,,
67,0.441207000,6,199.188.200.142,10.12.28.101,80,49163,,,1316,20,0x00000018,20,,0,303,,,
68,0.441209000,6,199.188.200.142,10.12.28.101,80,49163,,,1316,20,0x00000018,20,,0,303,,,
69,0.441417000,6,10.12.28.101,199.188.200.142,49163,80,,,40,20,0x00000010,20,,0,58697,,,
70,0.502686000,6,199.188.200.142,10.12.28.101,80,49163,,,1500,20,0x00000010,20,,0,303,,,
71,0.502702000,6,199.188.200.142,10.12.28.101,80,49163,,,1132,20,0x00000018,20,,0,303,,,
72,0.502900000,6,10.12.28.101,199.188.200.142,49163,80,,,40,20,0x00000010,20,,0,65077,,,
73,0.503192000,6,199.188.200.142,10.12.28.101,80,49163,,,1316,20,0x00000018,20,,0,303,,,
74,0.503204000,6,199.188.200.142,10.12.28.101,80,49163,,,1316,20,0x00000018,20,,0,303,,,
75,0.503457000,6,199.188.200.142,10.12.28.101,80,49163,,,1500,20,0x00000010,20,,0,303,,,
76,0.503468000,6,10.12.28.101,199.188.200.142,49163,80,,,40,20,0x00000010,20,,0,67629,,,
77,0.503470000,6,199.188.200.142,10.12.28.101,80,49163,,,1500,20,0x00000010,20,,0,303,,,
78,0.503472000,6,199.188.200.142,10.12.28.101,80,49163,,,948,20,0x00000018,20,,0,303,,,
79,0.503474000,6,199.188.200.142,10.12.28.101,80,49163,,,1316,20,0x00000018,20,,0,303,,,
80,0.503777000,6,199.188.200.142,10.12.28.101,80,49163,,,1316,20,0x00000018,20,,0,303,,,
81,0.503783000,6,199.188.200.142,10.12.28.101,80,49163,,,1316,20,0x00000018,20,,0,303,,,
82,0.503995000,6,199.188.200.142,10.12.28.101,80,49163,,,1500,20,0x00000010,20,,0,303,,,
83,0.504002000,6,199.188.200.142,10.12.28.101,80,49163,,,1132,20,0x00000018,20,,0,303,,,
84,0.504097000,6,10.12.28.101,199.188.200.142,49163,80,,,40,20,0x00000010,20,,0,80389,,,
85,0.504528000,6,10.12.28.101,199.188.200.142,49163,80,,,40,20,0x00000010,20,,0,80389,,,
86,0.510105000,6,199.188.200.142,10.12.28.101,80,49163,,,1316,20,0x00000018,20,,0,303,,,
87,0.510545000,6,199.188.200.142,10.12.28.101,80,49163,,,1316,20,0x00000018,20,,0,303,,,
88,0.510553000,6,199.188.200.142,10.12.28.101,80,49163,,,1316,20,0x00000018,20,,0,303,,,
89,0.510555000,6,199.188.200.142,10.12.28.101,80,49163,,,1316,20,0x00000018,20,,0,303,,,
90,0.510673000,6,199.188.200.142,10.12.28.101,80,49163,,,1316,20,0x00000018,20,,0,303,,,
91,0.510679000,6,10.12.28.101,199.188.200.142,49163,80,,,40,20,0x00000010,20,,0,81665,,,
92,0.510952000,6,10.12.28.101,199.188.200.142,49163,80,,,40,20,0x00000010,20,,0,86769,,,
93,0.511196000,6,199.188.200.142,10.12.28.101,80,49163,,,1500,20,0x00000010,20,,0,303,,,
94,0.511206000,6,199.188.200.142,10.12.28.101,80,49163,,,1132,20,0x00000018,20,,0,303,,,
95,0.511505000,6,199.188.200.142,10.12.28.101,80,49163,,,1316,20,0x00000018,20,,0,303,,,
96,0.511513000,6,199.188.200.142,10.12.28.101,80,49163,,,1316,20,0x00000018,20,,0,303,,,
97,0.511620000,6,199.188.200.142,10.12.28.101,80,49163,,,1316,20,0x00000018,20,,0,303,,,
98,0.511758000,6,199.188.200.142,10.12.28.101,80,49163,,,1316,20,0x00000018,20,,0,303,,,
99,0.511766000,6,10.12.28.101,199.188.200.142,49163,80,,,40,20,0x00000010,20,,0,93149,,,
100,0.511956000,6,10.12.28.101,199.188.200.142,49163,80,,,40,20,0x00000010,20,,0,94425,,,
101,0.512026000,6,199.188.200.142,10.12.28.101,80,49163,,,1316,20,0x00000018,20,,0,303,,,
102,0.512213000,6,10.12.28.101,199.188.200.142,49163,80,,,40,20,0x00000010,20,,0,95701,,,
103,0.521885000,6,199.188.200.142,10.12.28.101,80,49163,,,1500,20,0x00000010,20,,0,303,,,
104,0.521904000,6,199.188.200.142,10.12.28.101,80,49163,,,1132,20,0x00000018,20,,0,303,,,
105,0.522472000,6,199.188.200.142,10.12.28.101,80,49163,,,1316,20,0x00000018,20,,0,303,,,
106,0.522485000,6,10.12.28.101,199.188.200.142,49163,80,,,40,20,0x00000010,20,,0,98253,,,
107,0.522488000,6,199.188.200.142,10.12.28.101,80,49163,,,1316,20,0x00000018,20,,0,303,,,
108,0.522493000,6,199.188.200.142,10.12.28.101,80,49163,,,1316,20,0x00000018,20,,0,303,,,
109,0.522496000,6,199.188.200.142,10.12.28.101,80,49163,,,1316,20,0x00000018,20,,0,303,,,
110,0.522499000,6,199.188.200.142,10.12.28.101,80,49163,,,1316,20,0x00000018,20,,0,303,,,
111,0.522503000,6,199.188.200.142,10.12.28.101,80,49163,,,1316,20,0x00000018,20,,0,303,,,
112,0.522931000,6,199.188.200.142,10.12.28.101,80,49163,,,1316,20,0x00000018,20,,0,303,,,
113,0.522937000,6,10.12.28.101,199.188.200.142,49163,80,,,40,20,0x00000010,20,,0,111013,,,
114,0.523108000,6,199.188.200.142,10.12.28.101,80,49163,,,1316,20,0x00000018,20,,0,303,,,
115,0.523116000,6,10.12.28.101,199.188.200.142,49163,80,,,40,20,0x00000010,20,,0,112289,,,
116,0.523119000,6,199.188.200.142,10.12.28.101,80,49163,,,1316,20,0x00000018,20,,0,303,,,
117,0.523244000,6,10.12.28.101,199.188.200.142,49163,80,,,40,20,0x00000010,20,,0,113565,,,
118,0.523507000,6,10.12.28.101,199.188.200.142,49163,80,,,40,20,0x00000010,20,,0,114841,,,
119,0.523683000,6,199.188.200.142,10.12.28.101,80,49163,,,1316,20,0x00000018,20,,0,303,,,
120,0.523843000,6,10.12.28.101,199.188.200.142,49163,80,,,40,20,0x00000010,20,,0,116117,,,
121,0.524305000,6,10.12.28.101,199.188.200.142,49163,80,,,40,20,0x00000010,20,,0,116117,,,
122,0.570149000,6,199.188.200.142,10.12.28.101,80,49163,,,1500,20,0x00000010,20,,0,303,,,
123,0.570191000,6,199.188.200.142,10.12.28.101,80,49163,,,1132,20,0x00000018,20,,0,303,,,
124,0.570274000,6,199.188.200.142,10.12.28.101,80,49163,,,1316,20,0x00000018,20,,0,303,,,
125,0.570446000,6,199.188.200.142,10.12.28.101,80,49163,,,1316,20,0x00000018,20,,0,303,,,
126,0.570569000,6,199.188.200.142,10.12.28.101,80,49163,,,1316,20,0x00000018,20,,0,303,,,
127,0.570744000,6,10.12.28.101,199.188.200.142,49163,80,,,40,20,0x00000010,20,,0,118669,,,
128,0.570888000,6,199.188.200.142,10.12.28.101,80,49163,,,1316,20,0x00000018,20,,0,303,,,
129,0.570895000,6,10.12.28.101,199.188.200.142,49163,80,,,40,20,0x00000010,20,,0,122497,,,
130,0.570898000,6,199.188.200.142,10.12.28.101,80,49163,,,1316,20,0x00000018,20,,0,303,,,
131,0.571162000,6,10.12.28.101,199.188.200.142,49163,80,,,40,20,0x00000010,20,,0,125049,,,
132,0.571169000,6,199.188.200.142,10.12.28.101,80,49163,,,1316,20,0x00000018,20,,0,303,,,
133,0.571399000,6,10.12.28.101,199.188.200.142,49163,80,,,40,20,0x00000010,20,,0,126325,,,
134,0.571801000,6,199.188.200.142,10.12.28.101,80,49163,,,1316,20,0x00000018,20,,0,303,,,
135,0.572093000,6,199.188.200.142,10.12.28.101,80,49163,,,1316,20,0x00000018,20,,0,303,,,
136,0.572100000,6,199.188.200.142,10.12.28.101,80,49163,,,1316,20,0x00000018,20,,0,303,,,
137,0.572102000,6,199.188.200.142,10.12.28.101,80,49163,,,1316,20,0x00000018,20,,0,303,,,
138,0.572105000,6,10.12.28.101,199.188.200.142,49163,80,,,40,20,0x00000010,20,,0,127601,,,
139,0.572244000,6,10.12.28.101,199.188.200.142,49163,80,,,40,20,0x00000010,20,,0,131429,,,
140,0.572792000,6,199.188.200.142,10.12.28.101,80,49163,,,1500,20,0x00000010,20,,0,303,,,
141,0.572800000,6,199.188.200.142,10.12.28.101,80,49163,,,1500,20,0x00000010,20,,0,303,,,
142,0.572803000,6,199.188.200.142,10.12.28.101,80,49163,,,948,20,0x00000018,20,,0,303,,,
143,0.572818000,6,199.188.200.142,10.12.28.101,80,49163,,,1316,20,0x00000018,20,,0,303,,,
144,0.572875000,6,199.188.200.142,10.12.28.101,80,49163,,,1316,20,0x00000018,20,,0,303,,,
145,0.572879000,6,199.188.200.142,10.12.28.101,80,49163,,,1316,20,0x00000018,20,,0,303,,,
146,0.573047000,6,10.12.28.101,199.188.200.142,49163,80,,,40,20,0x00000010,20,,0,139085,,,
147,0.573322000,6,10.12.28.101,199.188.200.142,49163,80,,,40,20,0x00000010,20,,0,142913,,,
148,0.573327000,6,199.188.200.142,10.12.28.101,80,49163,,,1316,20,0x00000018,20,,0,303,,,
149,0.573329000,6,199.188.200.142,10.12.28.101,80,49163,,,1316,20,0x00000018,20,,0,303,,,
150,0.573486000,6,10.12.28.101,199.188.200.142,49163,80,,,40,20,0x00000010,20,,0,145465,,,
151,0.573491000,6,199.188.200.142,10.12.28.101,80,49163,,,1316,20,0x00000018,20,,0,303,,,
152,0.573685000,6,10.12.28.101,199.188.200.142,49163,80,,,40,20,0x00000010,20,,0,146741,,,
153,0.574466000,6,199.188.200.142,10.12.28.101,80,49163,,,1316,20,0x00000018,20,,0,303,,,
154,0.574476000,6,199.188.200.142,10.12.28.101,80,49163,,,1316,20,0x00000018,20,,0,303,,,
155,0.574670000,6,10.12.28.101,199.188.200.142,49163,80,,,40,20,0x00000010,20,,0,149293,,,
156,0.619728000,6,199.188.200.142,10.12.28.101,80,49163,,,1500,20,0x00000010,20,,0,303,,,
157,0.619753000,6,199.188.200.142,10.12.28.101,80,49163,,,1132,20,0x00000018,20,,0,303,,,
158,0.620172000,6,199.188.200.142,10.12.28.101,80,49163,,,1316,20,0x00000018,20,,0,303,,,
159,0.620180000,6,199.188.200.142,10.12.28.101,80,49163,,,1316,20,0x00000018,20,,0,303,,,
160,0.620185000,6,10.12.28.101,199.188.200.142,49163,80,,,40,20,0x00000010,20,,0,153121,,,
161,0.620187000,6,199.188.200.142,10.12.28.101,80,49163,,,1500,20,0x00000010,20,,0,303,,,
162,0.620189000,6,199.188.200.142,10.12.28.101,80,49163,,,1132,20,0x00000018,20,,0,303,,,
163,0.620577000,6,199.188.200.142,10.12.28.101,80,49163,,,1316,20,0x00000018,20,,0,303,,,
164,0.620590000,6,199.188.200.142,10.12.28.101,80,49163,,,1316,20,0x00000018,20,,0,303,,,
165,0.620812000,6,199.188.200.142,10.12.28.101,80,49163,,,1316,20,0x00000018,20,,0,303,,,
166,0.620926000,6,199.188.200.142,10.12.28.101,80,49163,,,1500,20,0x00000010,20,,0,303,,,
167,0.620933000,6,199.188.200.142,10.12.28.101,80,49163,,,1500,20,0x00000010,20,,0,303,,,
168,0.620936000,6,199.188.200.142,10.12.28.101,80,49163,,,948,20,0x00000018,20,,0,303,,,
169,0.621110000,6,199.188.200.142,10.12.28.101,80,49163,,,1316,20,0x00000018,20,,0,303,,,
170,0.621120000,6,10.12.28.101,199.188.200.142,49163,80,,,40,20,0x00000010,20,,0,160777,,,
171,0.621609000,6,10.12.28.101,199.188.200.142,49163,80,,,40,20,0x00000010,20,,0,165881,,,
172,0.621927000,6,199.188.200.142,10.12.28.101,80,49163,,,1500,20,0x00000010,20,,0,303,,,
173,0.621937000,6,199.188.200.142,10.12.28.101,80,49163,,,1132,20,0x00000018,20,,0,303,,,
174,0.621940000,6,199.188.200.142,10.12.28.101,80,49163,,,1500,20,0x00000010,20,,0,303,,,
175,0.621942000,6,199.188.200.142,10.12.28.101,80,49163,,,1132,20,0x00000018,20,,0,303,,,
176,0.622140000,6,199.188.200.142,10.12.28.101,80,49163,,,1316,20,0x00000018,20,,0,303,,,
177,0.622147000,6,199.188.200.142,10.12.28.101,80,49163,,,1316,20,0x00000018,20,,0,303,,,
178,0.622149000,6,199.188.200.142,10.12.28.101,80,49163,,,1500,20,0x00000010,20,,0,303,,,
179,0.622357000,6,199.188.200.142,10.12.28.101,80,49163,,,1316,20,0x00000018,20,,0,303,,,
180,0.622444000,6,199.188.200.142,10.12.28.101,80,49163,,,1316,20,0x00000018,20,,0,303,,,
181,0.622522000,6,10.12.28.101,199.188.200.142,49163,80,,,40,20,0x00000010,20,,0,178641,,,
182,0.624049000,6,199.188.200.142,10.12.28.101,80,49163,,,1500,20,0x00000010,20,,0,303,,,
183,0.624063000,6,199.188.200.142,10.12.28.101,80,49163,,,1132,20,0x00000018,20,,0,303,,,
184,0.624065000,6,199.188.200.142,10.12.28.101,80,49163,,,1316,20,0x00000018,20,,0,303,,,
185,0.624252000,6,199.188.200.142,10.12.28.101,80,49163,,,1316,20,0x00000018,20,,0,303,,,
186,0.624257000,6,199.188.200.142,10.12.28.101,80,49163,,,1316,20,0x00000018,20,,0,303,,,
187,0.624259000,6,199.188.200.142,10.12.28.101,80,49163,,,1316,20,0x00000018,20,,0,303,,,
188,0.624453000,6,10.12.28.101,199.188.200.142,49163,80,,,40,20,0x00000010,20,,0,183745,,,
189,0.624474000,6,199.188.200.142,10.12.28.101,80,49163,,,1500,20,0x00000010,20,,0,303,,,
190,0.624477000,6,199.188.200.142,10.12.28.101,80,49163,,,1132,20,0x00000018,20,,0,303,,,
191,0.624599000,6,199.188.200.142,10.12.28.101,80,49163,,,1316,20,0x00000018,20,,0,303,,,
192,0.624672000,6,199.188.200.142,10.12.28.101,80,49163,,,1316,20,0x00000018,20,,0,303,,,
193,0.624989000,6,10.12.28.101,199.188.200.142,49163,80,,,40,20,0x00000010,20,,0,191401,,,
194,0.625064000,6,199.188.200.142,10.12.28.101,80,49163,,,1316,20,0x00000018,20,,0,303,,,
195,0.625196000,6,10.12.28.101,199.188.200.142,49163,80,,,40,20,0x00000010,20,,0,192677,,,
196,0.625309000,6,10.12.28.101,199.188.200.142,49163,80,,,40,20,0x00000010,20,,0,192677,,,
197,0.652905000,6,199.188.200.142,10.12.28.101,80,49163,,,1316,20,0x00000018,20,,0,303,,,
198,0.653212000,6,10.12.28.101,199.188.200.142,49163,80,,,40,20,0x00000010,20,,0,193953,,,
199,0.653222000,6,199.188.200.142,10.12.28.101,80,49163,,,1316,20,0x00000018,20,,0,303,,,
200,0.653448000,6,10.12.28.101,199.188.200.142,49163,80,,,40,20,0x00000010,20,,0,195229,,,
201,0.653579000,6,199.188.200.142,10.12.28.101,80,49163,,,1316,20,0x00000018,20,,0,303,,,
202,0.653588000,6,199.188.200.142,10.12.28.101,80,49163,,,1316,20,0x00000018,20,,0,303,,,
203,0.653709000,6,10.12.28.101,199.188.200.142,49163,80,,,40,20,0x00000010,20,,0,197781,,,
204,0.654004000,6,199.188.200.142,10.12.28.101,80,49163,,,1500,20,0x00000010,20,,0,303,,,
205,0.654012000,6,199.188.200.142,10.12.28.101,80,49163,,,1132,20,0x00000018,20,,0,303,,,
206,0.654014000,6,199.188.200.142,10.12.28.101,80,49163,,,1316,20,0x00000018,20,,0,303,,,
207,0.654113000,6,10.12.28.101,199.188.200.142,49163,80,,,40,20,0x00000010,20,,0,201609,,,
208,0.654471000,6,199.188.200.142,10.12.28.101,80,49163,,,1500,20,0x00000010,20,,0,303,,,
209,0.654480000,6,199.188.200.142,10.12.28.101,80,49163,,,1132,20,0x00000018,20,,0,303,,,
210,0.654651000,6,199.188.200.142,10.12.28.101,80,49163,,,1500,20,0x00000010,20,,0,303,,,
211,0.654658000,6,199.188.200.142,10.12.28.101,80,49163,,,1132,20,0x00000018,20,,0,303,,,
212,0.654660000,6,199.188.200.142,10.12.28.101,80,49163,,,1316,20,0x00000018,20,,0,303,,,
213,0.654768000,6,10.12.28.101,199.188.200.142,49163,80,,,40,20,0x00000010,20,,0,204161,,,
214,0.654925000,6,10.12.28.101,199.188.200.142,49163,80,,,40,20,0x00000010,20,,0,207989,,,
215,0.655522000,6,199.188.200.142,10.12.28.101,80,49163,,,1500,20,0x00000010,20,,0,303,,,
216,0.655528000,6,199.188.200.142,10.12.28.101,80,49163,,,1132,20,0x00000018,20,,0,303,,,
217,0.655639000,6,199.188.200.142,10.12.28.101,80,49163,,,1316,20,0x00000018,20,,0,303,,,
218,0.655644000,6,199.188.200.142,10.12.28.101,80,49163,,,1316,20,0x00000018,20,,0,303,,,
219,0.655718000,6,199.188.200.142,10.12.28.101,80,49163,,,1316,20,0x00000018,20,,0,303,,,
220,0.655878000,6,199.188.200.142,10.12.28.101,80,49163,,,1500,20,0x00000010,20,,0,303,,,
221,0.655882000,6,199.188.200.142,10.12.28.101,80,49163,,,1132,20,0x00000018,20,,0,303,,,
222,0.655884000,6,10.12.28.101,199.188.200.142,49163,80,,,40,20,0x00000010,20,,0,213093,,,
223,0.655885000,6,199.188.200.142,10.12.28.101,80,49163,,,1316,20,0x00000018,20,,0,303,,,
224,0.656046000,6,199.188.200.142,10.12.28.101,80,49163,,,1316,20,0x00000018,20,,0,303,,,
225,0.656052000,6,10.12.28.101,199.188.200.142,49163,80,,,40,20,0x00000010,20,,0,216921,,,
226,0.656054000,6,199.188.200.142,10.12.28.101,80,49163,,,1316,20,0x00000018,20,,0,303,,,
227,0.656153000,6,199.188.200.142,10.12.28.101,80,49163,,,1316,20,0x00000018,20,,0,303,,,
228,0.656158000,6,10.12.28.101,199.188.200.142,49163,80,,,40,20,0x00000010,20,,0,220749,,,
229,0.656268000,6,199.188.200.142,10.12.28.101,80,49163,,,1316,20,0x00000018,20,,0,303,,,
230,0.656274000,6,199.188.200.142,10.12.28.101,80,49163,,,1316,20,0x00000018,20,,0,303,,,
231,0.656275000,6,10.12.28.101,199.188.200.142,49163,80,,,40,20,0x00000010,20,,0,222025,,,
232,0.656444000,6,10.12.28.101,199.188.200.142,49163,80,,,40,20,0x00000010,20,,0,224577,,,
233,0.656541000,6,10.12.28.101,199.188.200.142,49163,80,,,40,20,0x00000010,20,,0,224577,,,
234,0.657283000,6,199.188.200.142,10.12.28.101,80,49163,,,1316,20,0x00000018,20,,0,303,,,
235,0.657290000,6,199.188.200.142,10.12.28.101,80,49163,,,1316,20,0x00000018,20,,0,303,,,
236,0.657292000,6,199.188.200.142,10.12.28.101,80,49163,,,1316,20,0x00000018,20,,0,303,,,
237,0.657486000,6,199.188.200.142,10.12.28.101,80,49163,,,1316,20,0x00000018,20,,0,303,,,
238,0.657506000,6,10.12.28.101,199.188.200.142,49163,80,,,40,20,0x00000010,20,,0,225853,,,
239,0.657508000,6,199.188.200.142,10.12.28.101,80,49163,,,1316,20,0x00000018,20,,0,303,,,
240,0.657638000,6,199.188.200.142,10.12.28.101,80,49163,,,1316,20,0x00000018,20,,0,303,,,
241,0.657644000,6,199.188.200.142,10.12.28.101,80,49163,,,1316,20,0x00000018,20,,0,303,,,
242,0.657647000,6,10.12.28.101,199.188.200.142,49163,80,,,40,20,0x00000010,20,,0,232233,,,
243,0.657648000,6,199.188.200.142,10.12.28.101,80,49163,,,1316,20,0x00000018,20,,0,303,,,
244,0.657747000,6,199.188.200.142,10.12.28.101,80,49163,,,1316,20,0x00000018,20,,0,303,,,
245,0.657862000,6,199.188.200.142,10.12.28.101,80,49163,,,1316,20,0x00000018,20,,0,303,,,
246,0.657867000,6,199.188.200.142,10.12.28.101,80,49163,,,948,20,0x00000018,20,,0,303,,,
247,0.658088000,6,10.12.28.101,199.188.200.142,49163,80,,,40,20,0x00000010,20,,0,237337,,,
248,0.658165000,6,10.12.28.101,199.188.200.142,49163,80,,,40,20,0x00000010,20,,0,238245,,,
249,0.658225000,6,10.12.28.101,199.188.200.142,49163,80,,,40,20,0x00000010,20,,0,238245,,,
250,0.694855000,6,10.12.28.101,199.188.200.142,49163,80,,,40,20,0x00000014,20,,0,238245,,,
251,60.984341000,17,10.12.28.101,10.12.28.1,,,54030,53,58,20,,,,0,,,,
252,61.562717000,17,10.12.28.1,10.12.28.101,,,53,54030,74,20,,,,0,,,,
253,61.565573000,6,10.12.28.101,74.220.219.67,49164,80,,,52,20,0x00000002,32,,0,0,,,
254,61.643451000,6,74.220.219.67,10.12.28.101,80,49164,,,44,20,0x00000012,24,,0,1,,,
255,61.643667000,6,10.12.28.101,74.220.219.67,49164,80,,,40,20,0x00000010,20,,0,1,,,
256,61.644283000,6,10.12.28.101,74.220.219.67,49164,80,,,302,20,0x00000018,20,,0,1,,,
257,61.644328000,6,74.220.219.67,10.12.28.101,80,49164,,,40,20,0x00000010,20,,0,263,,,
258,62.531330000,6,74.220.219.67,10.12.28.101,80,49164,,,356,20,0x00000018,20,,0,263,,,
259,62.531551000,6,10.12.28.101,74.220.219.67,49164,80,,,40,20,0x00000010,20,,0,317,,,
260,66.734745000,17,10.12.28.101,10.12.28.1,,,50539,53,73,20,,,,0,,,,
261,66.883187000,17,10.12.28.1,10.12.28.101,,,53,50539,89,20,,,,0,,,,
262,66.886095000,6,10.12.28.101,103.198.0.2,49169,443,,,52,20,0x00000002,32,,0,0,,,
263,66.886105000,6,10.12.28.101,103.198.0.2,49168,443,,,52,20,0x00000002,32,,0,0,,,
264,67.007605000,6,103.198.0.2,10.12.28.101,443,49169,,,44,20,0x00000012,24,,0,1,,,
265,67.007619000,6,103.198.0.2,10.12.28.101,443,49168,,,44,20,0x00000012,24,,0,1,,,
266,67.007820000,6,10.12.28.101,103.198.0.2,49169,443,,,40,20,0x00000010,20,,0,1,,,
267,67.007827000,6,10.12.28.101,103.198.0.2,49168,443,,,40,20,0x00000010,20,,0,1,,,
268,67.010586000,6,10.12.28.101,103.198.0.2,49168,443,,,209,20,0x00000018,20,0x00000303,0,1,22,,topyzscsu5poprxy.onion.link
269,67.010630000,6,103.198.0.2,10.12.28.101,443,49168,,,40,20,0x00000010,20,,0,170,,,
270,67.010746000,6,10.12.28.101,103.198.0.2,49169,443,,,209,20,0x00000018,20,0x00000303,0,1,22,,topyzscsu5poprxy.onion.link
271,67.010790000,6,103.198.0.2,10.12.28.101,443,49169,,,40,20,0x00000010,20,,0,170,,,
272,67.153986000,6,103.198.0.2,10.12.28.101,443,49168,,,1316,20,0x00000018,20,0x00000303,0,170,22,,
273,67.154002000,6,103.198.0.2,10.12.28.101,443,49168,,,1316,20,0x00000018,20,,0,170,,,
274,67.154204000,6,10.12.28.101,103.198.0.2,49168,443,,,40,20,0x00000010,20,,0,2553,,,
275,67.154811000,6,103.198.0.2,10.12.28.101,443,49168,,,1316,20,0x00000018,20,,0,170,,,
276,67.154819000,6,103.198.0.2,10.12.28.101,443,49168,,,1316,20,0x00000018,20,0x00000303,0,170,22,3082064d30820535a003020102021100d562e1239af50f88ee4ab924a6f3a254300d06092a864886f70d01010b0500308190310b3009060355040613024742311b30190603550408131247726561746572204d616e636865737465723110300e0603550407130753616c666f7264311a3018060355040a1311434f4d4f444f204341204c696d69746564313630340603550403132d434f4d4f444f2052534120446f6d61696e2056616c69646174696f6e2053656375726520536572766572204341301e170d3137303530313030303030305a170d3139303530313233353935395a305a3121301f060355040b1318446f6d61696e20436f6e74726f6c2056616c696461746564311e301c060355040b1315457373656e7469616c53534c2057696c64636172643115301306035504030c0c2a2e6f6e696f6e2e6c696e6b30820222300d06092a864886f70d01010105000382020f003082020a0282020100b03731aa0e5ed01484d94079a89efc4d2b4bd3d0c9172ef1364e17532fedb159ddfc04636ea9b6a0db8fa3946bfcf0f94fbf6970ed5111997f94653e83d6eec96d794a71b7c7ff9cdbeb63610a42c77774433ac5399d9b60193934ee1fc0c76c9c377a4109e663f89027f887dc5cacb797b8136ba906a06817688d7faad413358d24c7fb8196f518d995294ce77c046c9c3e1576eb17e91572b6670d21238af2dde190f5b266700e513832d45be4d43a73c818430167ae8bef5d91d61c426c65e51f7651eb2c0dddcdea2a3d4d503ebb6ad51970dfc6655f375cc78694f4d23c68ee02b18071ae2643a5645cd1c792fba4376462e3eda295ffffe56c1c04abeede539b142e3c7d08be20b36304f268ae4fe91016b9f8a878fa86fe46564c27de054f8fcd8b660a67eca84d7d3c3c89593fa8bf4b6dd74ce58dbb71845a60e9eb4703abf9ee15f2f02c963c22e304d2565f62a15ba7b80c895853230d63582e2d508a887db3d2c02529491e4b2a99226f792ff7eeb1e5054f9041c4b9d237820724dd873f14e21e4052d5b686f3249b4a0b66acaca421d96efd72a9b80a0494d76a2ac1b0baa26bb81a94b13cd980a5c8f08ccd282e8c5c494f75e80bd794fb636e9277ff5dac5d38044af7113a333c3a3ea96341c5f345526362c43bd61431a3cdc7d185aba5a088a2614fc3dd663eef4b790aa3fadf366ccdca2d1e8461bc950203010001a38201d5308201d1301f0603551d2304183016801490af6a3a945a0bd890ea125673df43b43a28dae7301d0603551d0e041604140840eb965809cab9e8ceefefec4ebb9a2aa3ac89300e0603551d0f0101ff0404030205a0300c0603551d130101ff04023000301d0603551d250416301406082b0601050507030106082b06010505070302304f0603551d2004483046303a060b2b06010401b23101020207302b302906082b06010505070201161d68747470733a2f2f7365637572652e636f6d6f646f2e636f6d2f4350533008060667810c01020130540603551d1f044d304b3049a047a0458643687474703a2f2f63726c2e636f6d6f646f63612e636f6d2f434f4d4f444f525341446f6d61696e56616c69646174696f6e53656375726553657276657243412e63726c30818506082b0601050507010104793077304f06082b060105050730028643687474703a2f2f6372742e636f6d6f646f63612e636f6d2f434f4d4f444f525341446f6d61696e56616c69646174696f6e53656375726553657276657243412e637274302406082b060105050730018618687474703a2f2f6f6373702e636f6d6f646f63612e636f6d30230603551d11041c301a820c2a2e6f6e696f6e2e6c696e6b820a6f6e696f6e2e6c696e6b300d06092a864886f70d01010b050003820101008592c43a09c011bf721b7b22688913d43ce5f957880083122e9b46fd6e3a2ad4fc6295806051cb74a81de534bdc7a4fa3d9b916ebf559846784122e360460e1af5646666cbe71f83932f53e5656e468fbfc7d5159851de1130dac3dac928f803e1122cd5509e0bad328357cf30194af9c070433de267cbfbe70360c2361c55fadd3c500afd910e20267438f4d3998d82d8b7660a1502771ab2d3eea6e22186a53b040b55f344888feb2d5373e378be633aee57aaa805dd19c34c9198261085f1224685e5e320653202cef1565e2afc4ea5dbb2a863da4c8bd27e072d45509e54bc4a79ac6217a3a931892485bc14b3ad06e25b46b9cd680aabba3f08db9e6acd;30820608308203f0a00302010202102b2e6eead975366c148a6edba37c8c07300d06092a864886f70d01010c0500308185310b3009060355040613024742311b30190603550408131247726561746572204d616e636865737465723110300e0603550407130753616c666f7264311a3018060355040a1311434f4d4f444f204341204c696d69746564312b302906035504031322434f4d4f444f205253412043657274696669636174696f6e20417574686f72697479301e170d3134303231323030303030305a170d3239303231313233353935395a308190310b3009060355040613024742311b30190603550408131247726561746572204d616e636865737465723110300e0603550407130753616c666f7264311a3018060355040a1311434f4d4f444f204341204c696d69746564313630340603550403132d434f4d4f444f2052534120446f6d61696e2056616c69646174696f6e205365637572652053657276657220434130820122300d06092a864886f70d01010105000382010f003082010a02820101008ec20219e1a059a4eb38358d2cfd01d0d349c064c70b620545163aa8a0c00c027f1dccdbc4a16d7703a30f86f9e3069c3e0b818a9b491bad03befa4bdb8c20edd5ce5e658e3e0daf4cc2b0b7455e522f34de482464b441ae0097f7be67de9ed07aa753803b7cadf596556f97470a7c858b22978db384e09657d0701860968fee2d07939da1bacad1cd7be9c42a9a2821914d6f924f25a5f27a35dd26dc46a5d0ac59358cff4e9143503f59931e6c5121ee5814abfe7550783e4cb01c8613fa6b98bce03b941e8552dc039324186ecb275145e670de2543a40de14aa5edb67ec8cd6dee2e1d27735ddc453080aae3b2410bafbd4487dab9e51b9d7faee58582a50203010001a382016530820161301f0603551d23041830168014bbaf7e023dfaa6f13c848eadee3898ecd93232d4301d0603551d0e0416041490af6a3a945a0bd890ea125673df43b43a28dae7300e0603551d0f0101ff04040302018630120603551d130101ff040830060101ff020100301d0603551d250416301406082b0601050507030106082b06010505070302301b0603551d200414301230060604551d20003008060667810c010201304c0603551d1f044530433041a03fa03d863b687474703a2f2f63726c2e636f6d6f646f63612e636f6d2f434f4d4f444f52534143657274696669636174696f6e417574686f726974792e63726c307106082b0601050507010104653063303b06082b06010505073002862f687474703a2f2f6372742e636f6d6f646f63612e636f6d2f434f4d4f444f525341416464547275737443412e637274302406082b060105050730018618687474703a2f2f6f6373702e636f6d6f646f63612e636f6d300d06092a864886f70d01010c050003820201004e2b764f921c623689ba77c12705f41cd6449da99a3eaad56666013eea49e6a235bcfaf6dd958e9935980e361875b1dddd50727caedc7788ce0ff79020caa3672e1f567f7be144ea4295c45d0d01504615f28189596c8add8cf112a18d3a428a98f84b347b273b08b46f243b729d6374583c1a6c3f4fc7119ac8a8f5b537ef1045c66cd9e05e9526b3ebada3b9ee7f0c9a66357332604ee5dd8a612c6e5211776896d318755115001b7488dde1c738044328e916fdd905d45d472760d6fb383b6c72a294f8421adfed6f068c45c20600aae4e8dcd9b5e17378ecf623dcd1dd6c8e1a8fa5ea547c96b7c3fe558e8d495efc64bbcf3ebd96eb69cdbfe048f1628210e50c4657f233dad0c863edc61f9405964a1a91d1f7ebcf8f52ae0d08d93ea8a051e9c18774d5c9f774ab2e53fbbb7afb97e2f81f268fb3d2a0e0375b283b31e50e572d5ab8ad79ac5e20661aa5b9a6b539c1f59843ffeef9a7a7fdeeca243d8016c4178f8ac160a10cae5b4347914bd59a175ff9d487c1c28cb7e7e20f30193786ace0dc4203e694a89daefd0f245194ce9208d1fc50f003407b8859ed0eddacd2778234dc069502d890f92dea37d51a60d06720d7d8420b45af8268dedd66243790299419461925b880d7cbd486286a4470262362a99f866fbfba9070d256778578efea25a917ce50728c003aaae3db63349ff8067101e28220d4fe6fbdb1;308205743082045ca00302010202102766ee56eb49f38eabd770a2fc84de22300d06092a864886f70d01010c0500306f310b300906035504061302534531143012060355040a130b416464547275737420414231263024060355040b131d41646454727573742045787465726e616c20545450204e6574776f726b312230200603550403131941646454727573742045787465726e616c20434120526f6f74301e170d3030303533303130343833385a170d3230303533303130343833385a308185310b3009060355040613024742311b30190603550408131247726561746572204d616e636865737465723110300e0603550407130753616c666f7264311a3018060355040a1311434f4d4f444f204341204c696d69746564312b302906035504031322434f4d4f444f205253412043657274696669636174696f6e20417574686f7269747930820222300d06092a864886f70d01010105000382020f003082020a028202010091e85492d20a56b1ac0d24ddc5cf446774992b37a37d23700071bc53dfc4fa2a128f4b7f1056bd9f7072b7617fc94b0f17a73de3b00461eeff1197c7f4863e0afa3e5cf993e6347ad9146be79cb385a0827a76af7190d7ecfd0dfa9c6cfadfb082f4147ef9bec4a62f4f7f997fb5fc674372bd0c00d689eb6b2cd3ed8f981c14ab7ee5e36efcd8a8e49224da436b62b855fdeac1bc6cb68bf30e8d9ae49b6c6999f878483045d5ade10d3c4560fc32965127bc67c3ca2eb66bea46c7c720a0b11f65de4808baa44ea9f283463784ebe8cc814843674e722a9b5cbd4c1b288a5c227bb4ab98d9eee05183c309464e6d3e99fa9517da7c3357413c8d51ed0bb65caf2c631adf57c83fbce95dc49baf4599e2a35a24b4baa9563dcf6faaff4958bef0a8fff4b8ade937fbbab8f40b3af9e843421e89d884cb13f1d9bbe18960b88c2856ac141d9c0ae771ebcf0edd3da996a148bd3cf7afb50d224cc01181ec563bf6d3a2e25bb7b204225295809369e88e4c65f191032d707402ea8b671529695202bbd7df506a5546bfa0a328617f70d0c3a2aa2c21aa47ce289c064576bf821827b4d5aeb4cb50e66bf44c867130e9a6df1686e0d8ff40ddfbd042887fa3333a2e5c1e41118163ce18716b2beca68ab7315c3a6a47e0c37959d6201aaff26a98aa72bc574ad24b9dbb10fcb04c41e5ed1d3d5e289d9cccbfb351daa747e584530203010001a381f43081f1301f0603551d23041830168014adbd987a34b426f7fac42654ef03bde024cb541a301d0603551d0e04160414bbaf7e023dfaa6f13c848eadee3898ecd93232d4300e0603551d0f0101ff040403020186300f0603551d130101ff040530030101ff30110603551d20040a300830060604551d200030440603551d1f043d303b3039a037a0358633687474703a2f2f63726c2e7573657274727573742e636f6d2f416464547275737445787465726e616c4341526f6f742e63726c303506082b0601050507010104293027302506082b060105050730018619687474703a2f2f6f6373702e7573657274727573742e636f6d300d06092a864886f70d01010c0500038201010064bf83f15f9a85d0cdb8a129570de85af7d1e93ef276046ef15270bb1e3cff4d0d746acc818225d3c3a02a5d4cf5ba8ba16dc4540975c7e3270e5d847937401377f5b4ac1cd03bab1712d6ef34187e2be979d3ab57450caf28fad0dbe5509588bbdf8557697d92d852ca7381bf1cf3e6b86e661105b31e942d7f91959259f14ccea391714c7c470c3b0b19f6a1b16c863e5caac42e82cbf90796ba484d90f294c8a973a2eb067b239ddea2f34d559f7a6145981868c75e406b23f5797aef8cb56b8bb76f46f47bf13d4b04d89380595ae041241db28f15605847dbef6e46fd15f5d95f9ab3dbd8b8e440b3cd9739ae85bb1d8ebcdc879bd1a6eff13b6f10386f,
277,67.154843000,6,103.198.0.2,10.12.28.101,443,49168,,,219,20,0x00000018,20,0x00000303,0,170,22,,
278,67.154945000,6,10.12.28.101,103.198.0.2,49168,443,,,40,20,0x00000010,20,,0,5284,,,
279,67.171376000,6,10.12.28.101,103.198.0.2,49168,443,,,206,20,0x00000018,20,0x00000303,0,5284,22,,
280,67.171442000,6,103.198.0.2,10.12.28.101,443,49168,,,40,20,0x00000010,20,,0,336,,,
281,67.173531000,6,103.198.0.2,10.12.28.101,443,49169,,,1316,20,0x00000018,20,0x00000303,0,170,22,,
282,67.173751000,6,10.12.28.101,103.198.0.2,49169,443,,,40,20,0x00000010,20,,0,1277,,,
283,67.174552000,6,103.198.0.2,10.12.28.101,443,49169,,,1316,20,0x00000018,20,,0,170,,,
284,67.174558000,6,103.198.0.2,10.12.28.101,443,49169,,,1316,20,0x00000018,20,,0,170,,,
285,67.174561000,6,10.12.28.101,103.198.0.2,49169,443,,,40,20,0x00000010,20,,0,2553,,,
286,67.174637000,6,10.12.28.101,103.198.0.2,49169,443,,,40,20,0x00000010,20,,0,3829,,,
287,67.175661000,6,103.198.0.2,10.12.28.101,443,49169,,,1495,20,0x00000018,20,0x00000303,0,170,22,3082064d30820535a003020102021100d562e1239af50f88ee4ab924a6f3a254300d06092a864886f70d01010b0500308190310b3009060355040613024742311b30190603550408131247726561746572204d616e636865737465723110300e0603550407130753616c666f7264311a3018060355040a1311434f4d4f444f204341204c696d69746564313630340603550403132d434f4d4f444f2052534120446f6d61696e2056616c69646174696f6e2053656375726520536572766572204341301e170d3137303530313030303030305a170d3139303530313233353935395a305a3121301f060355040b1318446f6d61696e20436f6e74726f6c2056616c696461746564311e301c060355040b1315457373656e7469616c53534c2057696c64636172643115301306035504030c0c2a2e6f6e696f6e2e6c696e6b30820222300d06092a864886f70d01010105000382020f003082020a0282020100b03731aa0e5ed01484d94079a89efc4d2b4bd3d0c9172ef1364e17532fedb159ddfc04636ea9b6a0db8fa3946bfcf0f94fbf6970ed5111997f94653e83d6eec96d794a71b7c7ff9cdbeb63610a42c77774433ac5399d9b60193934ee1fc0c76c9c377a4109e663f89027f887dc5cacb797b8136ba906a06817688d7faad413358d24c7fb8196f518d995294ce77c046c9c3e1576eb17e91572b6670d21238af2dde190f5b266700e513832d45be4d43a73c818430167ae8bef5d91d61c426c65e51f7651eb2c0dddcdea2a3d4d503ebb6ad51970dfc6655f375cc78694f4d23c68ee02b18071ae2643a5645cd1c792fba4376462e3eda295ffffe56c1c04abeede539b142e3c7d08be20b36304f268ae4fe91016b9f8a878fa86fe46564c27de054f8fcd8b660a67eca84d7d3c3c89593fa8bf4b6dd74ce58dbb71845a60e9eb4703abf9ee15f2f02c963c22e304d2565f62a15ba7b80c895853230d63582e2d508a887db3d2c02529491e4b2a99226f792ff7eeb1e5054f9041c4b9d237820724dd873f14e21e4052d5b686f3249b4a0b66acaca421d96efd72a9b80a0494d76a2ac1b0baa26bb81a94b13cd980a5c8f08ccd282e8c5c494f75e80bd794fb636e9277ff5dac5d38044af7113a333c3a3ea96341c5f345526362c43bd61431a3cdc7d185aba5a088a2614fc3dd663eef4b790aa3fadf366ccdca2d1e8461bc950203010001a38201d5308201d1301f0603551d2304183016801490af6a3a945a0bd890ea125673df43b43a28dae7301d0603551d0e041604140840eb965809cab9e8ceefefec4ebb9a2aa3ac89300e0603551d0f0101ff0404030205a0300c0603551d130101ff04023000301d0603551d250416301406082b0601050507030106082b06010505070302304f0603551d2004483046303a060b2b06010401b23101020207302b302906082b06010505070201161d68747470733a2f2f7365637572652e636f6d6f646f2e636f6d2f4350533008060667810c01020130540603551d1f044d304b3049a047a0458643687474703a2f2f63726c2e636f6d6f646f63612e636f6d2f434f4d4f444f525341446f6d61696e56616c69646174696f6e53656375726553657276657243412e63726c30818506082b0601050507010104793077304f06082b060105050730028643687474703a2f2f6372742e636f6d6f646f63612e636f6d2f434f4d4f444f525341446f6d61696e56616c69646174696f6e53656375726553657276657243412e637274302406082b060105050730018618687474703a2f2f6f6373702e636f6d6f646f63612e636f6d30230603551d11041c301a820c2a2e6f6e696f6e2e6c696e6b820a6f6e696f6e2e6c696e6b300d06092a864886f70d01010b050003820101008592c43a09c011bf721b7b22688913d43ce5f957880083122e9b46fd6e3a2ad4fc6295806051cb74a81de534bdc7a4fa3d9b916ebf559846784122e360460e1af5646666cbe71f83932f53e5656e468fbfc7d5159851de1130dac3dac928f803e1122cd5509e0bad328357cf30194af9c070433de267cbfbe70360c2361c55fadd3c500afd910e20267438f4d3998d82d8b7660a1502771ab2d3eea6e22186a53b040b55f344888feb2d5373e378be633aee57aaa805dd19c34c9198261085f1224685e5e320653202cef1565e2afc4ea5dbb2a863da4c8bd27e072d45509e54bc4a79ac6217a3a931892485bc14b3ad06e25b46b9cd680aabba3f08db9e6acd;30820608308203f0a00302010202102b2e6eead975366c148a6edba37c8c07300d06092a864886f70d01010c0500308185310b3009060355040613024742311b30190603550408131247726561746572204d616e636865737465723110300e0603550407130753616c666f7264311a3018060355040a1311434f4d4f444f204341204c696d69746564312b302906035504031322434f4d4f444f205253412043657274696669636174696f6e20417574686f72697479301e170d3134303231323030303030305a170d3239303231313233353935395a308190310b3009060355040613024742311b30190603550408131247726561746572204d616e636865737465723110300e0603550407130753616c666f7264311a3018060355040a1311434f4d4f444f204341204c696d69746564313630340603550403132d434f4d4f444f2052534120446f6d61696e2056616c69646174696f6e205365637572652053657276657220434130820122300d06092a864886f70d01010105000382010f003082010a02820101008ec20219e1a059a4eb38358d2cfd01d0d349c064c70b620545163aa8a0c00c027f1dccdbc4a16d7703a30f86f9e3069c3e0b818a9b491bad03befa4bdb8c20edd5ce5e658e3e0daf4cc2b0b7455e522f34de482464b441ae0097f7be67de9ed07aa753803b7cadf596556f97470a7c858b22978db384e09657d0701860968fee2d07939da1bacad1cd7be9c42a9a2821914d6f924f25a5f27a35dd26dc46a5d0ac59358cff4e9143503f59931e6c5121ee5814abfe7550783e4cb01c8613fa6b98bce03b941e8552dc039324186ecb275145e670de2543a40de14aa5edb67ec8cd6dee2e1d27735ddc453080aae3b2410bafbd4487dab9e51b9d7faee58582a50203010001a382016530820161301f0603551d23041830168014bbaf7e023dfaa6f13c848eadee3898ecd93232d4301d0603551d0e0416041490af6a3a945a0bd890ea125673df43b43a28dae7300e0603551d0f0101ff04040302018630120603551d130101ff040830060101ff020100301d0603551d250416301406082b0601050507030106082b06010505070302301b0603551d200414301230060604551d20003008060667810c010201304c0603551d1f044530433041a03fa03d863b687474703a2f2f63726c2e636f6d6f646f63612e636f6d2f434f4d4f444f52534143657274696669636174696f6e417574686f726974792e63726c307106082b0601050507010104653063303b06082b06010505073002862f687474703a2f2f6372742e636f6d6f646f63612e636f6d2f434f4d4f444f525341416464547275737443412e637274302406082b060105050730018618687474703a2f2f6f6373702e636f6d6f646f63612e636f6d300d06092a864886f70d01010c050003820201004e2b764f921c623689ba77c12705f41cd6449da99a3eaad56666013eea49e6a235bcfaf6dd958e9935980e361875b1dddd50727caedc7788ce0ff79020caa3672e1f567f7be144ea4295c45d0d01504615f28189596c8add8cf112a18d3a428a98f84b347b273b08b46f243b729d6374583c1a6c3f4fc7119ac8a8f5b537ef1045c66cd9e05e9526b3ebada3b9ee7f0c9a66357332604ee5dd8a612c6e5211776896d318755115001b7488dde1c738044328e916fdd905d45d472760d6fb383b6c72a294f8421adfed6f068c45c20600aae4e8dcd9b5e17378ecf623dcd1dd6c8e1a8fa5ea547c96b7c3fe558e8d495efc64bbcf3ebd96eb69cdbfe048f1628210e50c4657f233dad0c863edc61f9405964a1a91d1f7ebcf8f52ae0d08d93ea8a051e9c18774d5c9f774ab2e53fbbb7afb97e2f81f268fb3d2a0e0375b283b31e50e572d5ab8ad79ac5e20661aa5b9a6b539c1f59843ffeef9a7a7fdeeca243d8016c4178f8ac160a10cae5b4347914bd59a175ff9d487c1c28cb7e7e20f30193786ace0dc4203e694a89daefd0f245194ce9208d1fc50f003407b8859ed0eddacd2778234dc069502d890f92dea37d51a60d06720d7d8420b45af8268dedd66243790299419461925b880d7cbd486286a4470262362a99f866fbfba9070d256778578efea25a917ce50728c003aaae3db63349ff8067101e28220d4fe6fbdb1;308205743082045ca00302010202102766ee56eb49f38eabd770a2fc84de22300d06092a864886f70d01010c0500306f310b300906035504061302534531143012060355040a130b416464547275737420414231263024060355040b131d41646454727573742045787465726e616c20545450204e6574776f726b312230200603550403131941646454727573742045787465726e616c20434120526f6f74301e170d3030303533303130343833385a170d3230303533303130343833385a308185310b3009060355040613024742311b30190603550408131247726561746572204d616e636865737465723110300e0603550407130753616c666f7264311a3018060355040a1311434f4d4f444f204341204c696d69746564312b302906035504031322434f4d4f444f205253412043657274696669636174696f6e20417574686f7269747930820222300d06092a864886f70d01010105000382020f003082020a028202010091e85492d20a56b1ac0d24ddc5cf446774992b37a37d23700071bc53dfc4fa2a128f4b7f1056bd9f7072b7617fc94b0f17a73de3b00461eeff1197c7f4863e0afa3e5cf993e6347ad9146be79cb385a0827a76af7190d7ecfd0dfa9c6cfadfb082f4147ef9bec4a62f4f7f997fb5fc674372bd0c00d689eb6b2cd3ed8f981c14ab7ee5e36efcd8a8e49224da436b62b855fdeac1bc6cb68bf30e8d9ae49b6c6999f878483045d5ade10d3c4560fc32965127bc67c3ca2eb66bea46c7c720a0b11f65de4808baa44ea9f283463784ebe8cc814843674e722a9b5cbd4c1b288a5c227bb4ab98d9eee05183c309464e6d3e99fa9517da7c3357413c8d51ed0bb65caf2c631adf57c83fbce95dc49baf4599e2a35a24b4baa9563dcf6faaff4958bef0a8fff4b8ade937fbbab8f40b3af9e843421e89d884cb13f1d9bbe18960b88c2856ac141d9c0ae771ebcf0edd3da996a148bd3cf7afb50d224cc01181ec563bf6d3a2e25bb7b204225295809369e88e4c65f191032d707402ea8b671529695202bbd7df506a5546bfa0a328617f70d0c3a2aa2c21aa47ce289c064576bf821827b4d5aeb4cb50e66bf44c867130e9a6df1686e0d8ff40ddfbd042887fa3333a2e5c1e41118163ce18716b2beca68ab7315c3a6a47e0c37959d6201aaff26a98aa72bc574ad24b9dbb10fcb04c41e5ed1d3d5e289d9cccbfb351daa747e584530203010001a381f43081f1301f0603551d23041830168014adbd987a34b426f7fac42654ef03bde024cb541a301d0603551d0e04160414bbaf7e023dfaa6f13c848eadee3898ecd93232d4300e0603551d0f0101ff040403020186300f0603551d130101ff040530030101ff30110603551d20040a300830060604551d200030440603551d1f043d303b3039a037a0358633687474703a2f2f63726c2e7573657274727573742e636f6d2f416464547275737445787465726e616c4341526f6f742e63726c303506082b0601050507010104293027302506082b060105050730018619687474703a2f2f6f6373702e7573657274727573742e636f6d300d06092a864886f70d01010c0500038201010064bf83f15f9a85d0cdb8a129570de85af7d1e93ef276046ef15270bb1e3cff4d0d746acc818225d3c3a02a5d4cf5ba8ba16dc4540975c7e3270e5d847937401377f5b4ac1cd03bab1712d6ef34187e2be979d3ab57450caf28fad0dbe5509588bbdf8557697d92d852ca7381bf1cf3e6b86e661105b31e942d7f91959259f14ccea391714c7c470c3b0b19f6a1b16c863e5caac42e82cbf90796ba484d90f294c8a973a2eb067b239ddea2f34d559f7a6145981868c75e406b23f5797aef8cb56b8bb76f46f47bf13d4b04d89380595ae041241db28f15605847dbef6e46fd15f5d95f9ab3dbd8b8e440b3cd9739ae85bb1d8ebcdc879bd1a6eff13b6f10386f,
288,67.175803000,6,10.12.28.101,103.198.0.2,49169,443,,,40,20,0x00000010,20,,0,5284,,,
289,67.190629000,6,10.12.28.101,103.198.0.2,49169,443,,,206,20,0x00000018,20,0x00000303,0,5284,22,,
290,67.190690000,6,103.198.0.2,10.12.28.101,443,49169,,,40,20,0x00000010,20,,0,336,,,
291,67.292537000,6,103.198.0.2,10.12.28.101,443,49168,,,131,20,0x00000018,20,0x00000303,0,336,20,,
292,67.292632000,6,10.12.28.101,103.198.0.2,49168,443,,,40,20,0x00000010,20,,0,5375,,,
293,67.314585000,6,103.198.0.2,10.12.28.101,443,49169,,,131,20,0x00000018,20,0x00000303,0,336,20,,
294,67.314601000,6,10.12.28.101,103.198.0.2,49168,443,,,461,20,0x00000018,20,0x00000303,0,5375,23,,
295,67.314606000,6,103.198.0.2,10.12.28.101,443,49168,,,40,20,0x00000010,20,,0,757,,,
296,67.314725000,6,10.12.28.101,103.198.0.2,49169,443,,,40,20,0x00000010,20,,0,5375,,,
297,67.314934000,6,10.12.28.101,103.198.0.2,49168,443,,,989,20,0x00000018,20,0x00000303,0,5375,23,,
298,67.314976000,6,103.198.0.2,10.12.28.101,443,49168,,,40,20,0x00000010,20,,0,1706,,,
299,70.879460000,6,103.198.0.2,10.12.28.101,443,49168,,,1500,20,0x00000010,20,,0,1706,,,
300,70.879476000,6,103.198.0.2,10.12.28.101,443,49168,,,969,20,0x00000018,20,0x00000303,0,1706,23,,
301,70.879685000,6,10.12.28.101,103.198.0.2,49168,443,,,40,20,0x00000010,20,,0,7764,,,
302,70.888860000,6,10.12.28.101,103.198.0.2,49168,443,,,397,20,0x00000018,20,0x00000303,0,7764,23,,
303,70.888930000,6,103.198.0.2,10.12.28.101,443,49168,,,40,20,0x00000010,20,,0,2063,,,
304,70.891600000,6,10.12.28.101,103.198.0.2,49169,443,,,397,20,0x00000018,20,0x00000303,0,5375,23,,
305,70.891617000,6,103.198.0.2,10.12.28.101,443,49169,,,40,20,0x00000010,20,,0,693,,,
306,70.892205000,6,10.12.28.101,103.198.0.2,49170,443,,,52,20,0x00000002,32,,0,0,,,
307,70.892848000,6,10.12.28.101,103.198.0.2,49171,443,,,52,20,0x00000002,32,,0,0,,,
308,71.023674000,6,103.198.0.2,10.12.28.101,443,49171,,,44,20,0x00000012,24,,0,1,,,
309,71.023708000,6,103.198.0.2,10.12.28.101,443,49170,,,44,20,0x00000012,24,,0,1,,,
310,71.023939000,6,10.12.28.101,103.198.0.2,49171,443,,,40,20,0x00000010,20,,0,1,,,
311,71.023949000,6,10.12.28.101,103.198.0.2,49170,443,,,40,20,0x00000010,20,,0,1,,,
312,71.024708000,6,10.12.28.101,103.198.0.2,49171,443,,,241,20,0x00000018,20,0x00000303,0,1,22,,topyzscsu5poprxy.onion.link
313,71.024715000,6,103.198.0.2,10.12.28.101,443,49171,,,40,20,0x00000010,20,,0,202,,,
314,71.024943000,6,10.12.28.101,103.198.0.2,49170,443,,,241,20,0x00000018,20,0x00000303,0,1,22,,topyzscsu5poprxy.onion.link
315,71.024949000,6,103.198.0.2,10.12.28.101,443,49170,,,40,20,0x00000010,20,,0,202,,,
316,71.170014000,6,103.198.0.2,10.12.28.101,443,49171,,,1316,20,0x00000018,20,0x00000303,0,202,22,,
317,71.170104000,6,10.12.28.101,103.198.0.2,49171,443,,,40,20,0x00000010,20,,0,1277,,,
318,71.170609000,6,103.198.0.2,10.12.28.101,443,49171,,,1316,20,0x00000018,20,,0,202,,,
319,71.170696000,6,10.12.28.101,103.198.0.2,49171,443,,,40,20,0x00000010,20,,0,2553,,,
320,71.171034000,6,103.198.0.2,10.12.28.101,443,49171,,,1500,20,0x00000010,20,,0,202,,,
321,71.171041000,6,103.198.0.2,10.12.28.101,443,49171,,,1132,20,0x00000018,20,0x00000303,0,202,22,3082064d30820535a003020102021100d562e1239af50f88ee4ab924a6f3a254300d06092a864886f70d01010b0500308190310b3009060355040613024742311b30190603550408131247726561746572204d616e636865737465723110300e0603550407130753616c666f7264311a3018060355040a1311434f4d4f444f204341204c696d69746564313630340603550403132d434f4d4f444f2052534120446f6d61696e2056616c69646174696f6e2053656375726520536572766572204341301e170d3137303530313030303030305a170d3139303530313233353935395a305a3121301f060355040b1318446f6d61696e20436f6e74726f6c2056616c696461746564311e301c060355040b1315457373656e7469616c53534c2057696c64636172643115301306035504030c0c2a2e6f6e696f6e2e6c696e6b30820222300d06092a864886f70d01010105000382020f003082020a0282020100b03731aa0e5ed01484d94079a89efc4d2b4bd3d0c9172ef1364e17532fedb159ddfc04636ea9b6a0db8fa3946bfcf0f94fbf6970ed5111997f94653e83d6eec96d794a71b7c7ff9cdbeb63610a42c77774433ac5399d9b60193934ee1fc0c76c9c377a4109e663f89027f887dc5cacb797b8136ba906a06817688d7faad413358d24c7fb8196f518d995294ce77c046c9c3e1576eb17e91572b6670d21238af2dde190f5b266700e513832d45be4d43a73c818430167ae8bef5d91d61c426c65e51f7651eb2c0dddcdea2a3d4d503ebb6ad51970dfc6655f375cc78694f4d23c68ee02b18071ae2643a5645cd1c792fba4376462e3eda295ffffe56c1c04abeede539b142e3c7d08be20b36304f268ae4fe91016b9f8a878fa86fe46564c27de054f8fcd8b660a67eca84d7d3c3c89593fa8bf4b6dd74ce58dbb71845a60e9eb4703abf9ee15f2f02c963c22e304d2565f62a15ba7b80c895853230d63582e2d508a887db3d2c02529491e4b2a99226f792ff7eeb1e5054f9041c4b9d237820724dd873f14e21e4052d5b686f3249b4a0b66acaca421d96efd72a9b80a0494d76a2ac1b0baa26bb81a94b13cd980a5c8f08ccd282e8c5c494f75e80bd794fb636e9277ff5dac5d38044af7113a333c3a3ea96341c5f345526362c43bd61431a3cdc7d185aba5a088a2614fc3dd663eef4b790aa3fadf366ccdca2d1e8461bc950203010001a38201d5308201d1301f0603551d2304183016801490af6a3a945a0bd890ea125673df43b43a28dae7301d0603551d0e041604140840eb965809cab9e8ceefefec4ebb9a2aa3ac89300e0603551d0f0101ff0404030205a0300c0603551d130101ff04023000301d0603551d250416301406082b0601050507030106082b06010505070302304f0603551d2004483046303a060b2b06010401b23101020207302b302906082b06010505070201161d68747470733a2f2f7365637572652e636f6d6f646f2e636f6d2f4350533008060667810c01020130540603551d1f044d304b3049a047a0458643687474703a2f2f63726c2e636f6d6f646f63612e636f6d2f434f4d4f444f525341446f6d61696e56616c69646174696f6e53656375726553657276657243412e63726c30818506082b0601050507010104793077304f06082b060105050730028643687474703a2f2f6372742e636f6d6f646f63612e636f6d2f434f4d4f444f525341446f6d61696e56616c69646174696f6e53656375726553657276657243412e637274302406082b060105050730018618687474703a2f2f6f6373702e636f6d6f646f63612e636f6d30230603551d11041c301a820c2a2e6f6e696f6e2e6c696e6b820a6f6e696f6e2e6c696e6b300d06092a864886f70d01010b050003820101008592c43a09c011bf721b7b22688913d43ce5f957880083122e9b46fd6e3a2ad4fc6295806051cb74a81de534bdc7a4fa3d9b916ebf559846784122e360460e1af5646666cbe71f83932f53e5656e468fbfc7d5159851de1130dac3dac928f803e1122cd5509e0bad328357cf30194af9c070433de267cbfbe70360c2361c55fadd3c500afd910e20267438f4d3998d82d8b7660a1502771ab2d3eea6e22186a53b040b55f344888feb2d5373e378be633aee57aaa805dd19c34c9198261085f1224685e5e320653202cef1565e2afc4ea5dbb2a863da4c8bd27e072d45509e54bc4a79ac6217a3a931892485bc14b3ad06e25b46b9cd680aabba3f08db9e6acd;30820608308203f0a00302010202102b2e6eead975366c148a6edba37c8c07300d06092a864886f70d01010c0500308185310b3009060355040613024742311b30190603550408131247726561746572204d616e636865737465723110300e0603550407130753616c666f7264311a3018060355040a1311434f4d4f444f204341204c696d69746564312b302906035504031322434f4d4f444f205253412043657274696669636174696f6e20417574686f72697479301e170d3134303231323030303030305a170d3239303231313233353935395a308190310b3009060355040613024742311b30190603550408131247726561746572204d616e636865737465723110300e0603550407130753616c666f7264311a3018060355040a1311434f4d4f444f204341204c696d69746564313630340603550403132d434f4d4f444f2052534120446f6d61696e2056616c69646174696f6e205365637572652053657276657220434130820122300d06092a864886f70d01010105000382010f003082010a02820101008ec20219e1a059a4eb38358d2cfd01d0d349c064c70b620545163aa8a0c00c027f1dccdbc4a16d7703a30f86f9e3069c3e0b818a9b491bad03befa4bdb8c20edd5ce5e658e3e0daf4cc2b0b7455e522f34de482464b441ae0097f7be67de9ed07aa753803b7cadf596556f97470a7c858b22978db384e09657d0701860968fee2d07939da1bacad1cd7be9c42a9a2821914d6f924f25a5f27a35dd26dc46a5d0ac59358cff4e9143503f59931e6c5121ee5814abfe7550783e4cb01c8613fa6b98bce03b941e8552dc039324186ecb275145e670de2543a40de14aa5edb67ec8cd6dee2e1d27735ddc453080aae3b2410bafbd4487dab9e51b9d7faee58582a50203010001a382016530820161301f0603551d23041830168014bbaf7e023dfaa6f13c848eadee3898ecd93232d4301d0603551d0e0416041490af6a3a945a0bd890ea125673df43b43a28dae7300e0603551d0f0101ff04040302018630120603551d130101ff040830060101ff020100301d0603551d250416301406082b0601050507030106082b06010505070302301b0603551d200414301230060604551d20003008060667810c010201304c0603551d1f044530433041a03fa03d863b687474703a2f2f63726c2e636f6d6f646f63612e636f6d2f434f4d4f444f52534143657274696669636174696f6e417574686f726974792e63726c307106082b0601050507010104653063303b06082b06010505073002862f687474703a2f2f6372742e636f6d6f646f63612e636f6d2f434f4d4f444f525341416464547275737443412e637274302406082b060105050730018618687474703a2f2f6f6373702e636f6d6f646f63612e636f6d300d06092a864886f70d01010c050003820201004e2b764f921c623689ba77c12705f41cd6449da99a3eaad56666013eea49e6a235bcfaf6dd958e9935980e361875b1dddd50727caedc7788ce0ff79020caa3672e1f567f7be144ea4295c45d0d01504615f28189596c8add8cf112a18d3a428a98f84b347b273b08b46f243b729d6374583c1a6c3f4fc7119ac8a8f5b537ef1045c66cd9e05e9526b3ebada3b9ee7f0c9a66357332604ee5dd8a612c6e5211776896d318755115001b7488dde1c738044328e916fdd905d45d472760d6fb383b6c72a294f8421adfed6f068c45c20600aae4e8dcd9b5e17378ecf623dcd1dd6c8e1a8fa5ea547c96b7c3fe558e8d495efc64bbcf3ebd96eb69cdbfe048f1628210e50c4657f233dad0c863edc61f9405964a1a91d1f7ebcf8f52ae0d08d93ea8a051e9c18774d5c9f774ab2e53fbbb7afb97e2f81f268fb3d2a0e0375b283b31e50e572d5ab8ad79ac5e20661aa5b9a6b539c1f59843ffeef9a7a7fdeeca243d8016c4178f8ac160a10cae5b4347914bd59a175ff9d487c1c28cb7e7e20f30193786ace0dc4203e694a89daefd0f245194ce9208d1fc50f003407b8859ed0eddacd2778234dc069502d890f92dea37d51a60d06720d7d8420b45af8268dedd66243790299419461925b880d7cbd486286a4470262362a99f866fbfba9070d256778578efea25a917ce50728c003aaae3db63349ff8067101e28220d4fe6fbdb1;308205743082045ca00302010202102766ee56eb49f38eabd770a2fc84de22300d06092a864886f70d01010c0500306f310b300906035504061302534531143012060355040a130b416464547275737420414231263024060355040b131d41646454727573742045787465726e616c20545450204e6574776f726b312230200603550403131941646454727573742045787465726e616c20434120526f6f74301e170d3030303533303130343833385a170d3230303533303130343833385a308185310b3009060355040613024742311b30190603550408131247726561746572204d616e636865737465723110300e0603550407130753616c666f7264311a3018060355040a1311434f4d4f444f204341204c696d69746564312b302906035504031322434f4d4f444f205253412043657274696669636174696f6e20417574686f7269747930820222300d06092a864886f70d01010105000382020f003082020a028202010091e85492d20a56b1ac0d24ddc5cf446774992b37a37d23700071bc53dfc4fa2a128f4b7f1056bd9f7072b7617fc94b0f17a73de3b00461eeff1197c7f4863e0afa3e5cf993e6347ad9146be79cb385a0827a76af7190d7ecfd0dfa9c6cfadfb082f4147ef9bec4a62f4f7f997fb5fc674372bd0c00d689eb6b2cd3ed8f981c14ab7ee5e36efcd8a8e49224da436b62b855fdeac1bc6cb68bf30e8d9ae49b6c6999f878483045d5ade10d3c4560fc32965127bc67c3ca2eb66bea46c7c720a0b11f65de4808baa44ea9f283463784ebe8cc814843674e722a9b5cbd4c1b288a5c227bb4ab98d9eee05183c309464e6d3e99fa9517da7c3357413c8d51ed0bb65caf2c631adf57c83fbce95dc49baf4599e2a35a24b4baa9563dcf6faaff4958bef0a8fff4b8ade937fbbab8f40b3af9e843421e89d884cb13f1d9bbe18960b88c2856ac141d9c0ae771ebcf0edd3da996a148bd3cf7afb50d224cc01181ec563bf6d3a2e25bb7b204225295809369e88e4c65f191032d707402ea8b671529695202bbd7df506a5546bfa0a328617f70d0c3a2aa2c21aa47ce289c064576bf821827b4d5aeb4cb50e66bf44c867130e9a6df1686e0d8ff40ddfbd042887fa3333a2e5c1e41118163ce18716b2beca68ab7315c3a6a47e0c37959d6201aaff26a98aa72bc574ad24b9dbb10fcb04c41e5ed1d3d5e289d9cccbfb351daa747e584530203010001a381f43081f1301f0603551d23041830168014adbd987a34b426f7fac42654ef03bde024cb541a301d0603551d0e04160414bbaf7e023dfaa6f13c848eadee3898ecd93232d4300e0603551d0f0101ff040403020186300f0603551d130101ff040530030101ff30110603551d20040a300830060604551d200030440603551d1f043d303b3039a037a0358633687474703a2f2f63726c2e7573657274727573742e636f6d2f416464547275737445787465726e616c4341526f6f742e63726c303506082b0601050507010104293027302506082b060105050730018619687474703a2f2f6f6373702e7573657274727573742e636f6d300d06092a864886f70d01010c0500038201010064bf83f15f9a85d0cdb8a129570de85af7d1e93ef276046ef15270bb1e3cff4d0d746acc818225d3c3a02a5d4cf5ba8ba16dc4540975c7e3270e5d847937401377f5b4ac1cd03bab1712d6ef34187e2be979d3ab57450caf28fad0dbe5509588bbdf8557697d92d852ca7381bf1cf3e6b86e661105b31e942d7f91959259f14ccea391714c7c470c3b0b19f6a1b16c863e5caac42e82cbf90796ba484d90f294c8a973a2eb067b239ddea2f34d559f7a6145981868c75e406b23f5797aef8cb56b8bb76f46f47bf13d4b04d89380595ae041241db28f15605847dbef6e46fd15f5d95f9ab3dbd8b8e440b3cd9739ae85bb1d8ebcdc879bd1a6eff13b6f10386f,
322,71.171215000,6,103.198.0.2,10.12.28.101,443,49171,,,219,20,0x00000018,20,0x00000303,0,202,22,,
323,71.171220000,6,10.12.28.101,103.198.0.2,49171,443,,,40,20,0x00000010,20,,0,5105,,,
324,71.171285000,6,10.12.28.101,103.198.0.2,49171,443,,,40,20,0x00000010,20,,0,5284,,,
325,71.188821000,6,103.198.0.2,10.12.28.101,443,49170,,,1316,20,0x00000018,20,0x00000303,0,202,22,,
326,71.189010000,6,10.12.28.101,103.198.0.2,49170,443,,,40,20,0x00000010,20,,0,1277,,,
327,71.189323000,6,103.198.0.2,10.12.28.101,443,49170,,,1500,20,0x00000010,20,,0,202,,,
328,71.189330000,6,103.198.0.2,10.12.28.101,443,49170,,,1132,20,0x00000018,20,,0,202,,,
329,71.189489000,6,10.12.28.101,103.198.0.2,49170,443,,,40,20,0x00000010,20,,0,3829,,,
330,71.189620000,6,103.198.0.2,10.12.28.101,443,49170,,,1316,20,0x00000018,20,0x00000303,0,202,22,3082064d30820535a003020102021100d562e1239af50f88ee4ab924a6f3a254300d06092a864886f70d01010b0500308190310b3009060355040613024742311b30190603550408131247726561746572204d616e636865737465723110300e0603550407130753616c666f7264311a3018060355040a1311434f4d4f444f204341204c696d69746564313630340603550403132d434f4d4f444f2052534120446f6d61696e2056616c69646174696f6e2053656375726520536572766572204341301e170d3137303530313030303030305a170d3139303530313233353935395a305a3121301f060355040b1318446f6d61696e20436f6e74726f6c2056616c696461746564311e301c060355040b1315457373656e7469616c53534c2057696c64636172643115301306035504030c0c2a2e6f6e696f6e2e6c696e6b30820222300d06092a864886f70d01010105000382020f003082020a0282020100b03731aa0e5ed01484d94079a89efc4d2b4bd3d0c9172ef1364e17532fedb159ddfc04636ea9b6a0db8fa3946bfcf0f94fbf6970ed5111997f94653e83d6eec96d794a71b7c7ff9cdbeb63610a42c77774433ac5399d9b60193934ee1fc0c76c9c377a4109e663f89027f887dc5cacb797b8136ba906a06817688d7faad413358d24c7fb8196f518d995294ce77c046c9c3e1576eb17e91572b6670d21238af2dde190f5b266700e513832d45be4d43a73c818430167ae8bef5d91d61c426c65e51f7651eb2c0dddcdea2a3d4d503ebb6ad51970dfc6655f375cc78694f4d23c68ee02b18071ae2643a5645cd1c792fba4376462e3eda295ffffe56c1c04abeede539b142e3c7d08be20b36304f268ae4fe91016b9f8a878fa86fe46564c27de054f8fcd8b660a67eca84d7d3c3c89593fa8bf4b6dd74ce58dbb71845a60e9eb4703abf9ee15f2f02c963c22e304d2565f62a15ba7b80c895853230d63582e2d508a887db3d2c02529491e4b2a99226f792ff7eeb1e5054f9041c4b9d237820724dd873f14e21e4052d5b686f3249b4a0b66acaca421d96efd72a9b80a0494d76a2ac1b0baa26bb81a94b13cd980a5c8f08ccd282e8c5c494f75e80bd794fb636e9277ff5dac5d38044af7113a333c3a3ea96341c5f345526362c43bd61431a3cdc7d185aba5a088a2614fc3dd663eef4b790aa3fadf366ccdca2d1e8461bc950203010001a38201d5308201d1301f0603551d2304183016801490af6a3a945a0bd890ea125673df43b43a28dae7301d0603551d0e041604140840eb965809cab9e8ceefefec4ebb9a2aa3ac89300e0603551d0f0101ff0404030205a0300c0603551d130101ff04023000301d0603551d250416301406082b0601050507030106082b06010505070302304f0603551d2004483046303a060b2b06010401b23101020207302b302906082b06010505070201161d68747470733a2f2f7365637572652e636f6d6f646f2e636f6d2f4350533008060667810c01020130540603551d1f044d304b3049a047a0458643687474703a2f2f63726c2e636f6d6f646f63612e636f6d2f434f4d4f444f525341446f6d61696e56616c69646174696f6e53656375726553657276657243412e63726c30818506082b0601050507010104793077304f06082b060105050730028643687474703a2f2f6372742e636f6d6f646f63612e636f6d2f434f4d4f444f525341446f6d61696e56616c69646174696f6e53656375726553657276657243412e637274302406082b060105050730018618687474703a2f2f6f6373702e636f6d6f646f63612e636f6d30230603551d11041c301a820c2a2e6f6e696f6e2e6c696e6b820a6f6e696f6e2e6c696e6b300d06092a864886f70d01010b050003820101008592c43a09c011bf721b7b22688913d43ce5f957880083122e9b46fd6e3a2ad4fc6295806051cb74a81de534bdc7a4fa3d9b916ebf559846784122e360460e1af5646666cbe71f83932f53e5656e468fbfc7d5159851de1130dac3dac928f803e1122cd5509e0bad328357cf30194af9c070433de267cbfbe70360c2361c55fadd3c500afd910e20267438f4d3998d82d8b7660a1502771ab2d3eea6e22186a53b040b55f344888feb2d5373e378be633aee57aaa805dd19c34c9198261085f1224685e5e320653202cef1565e2afc4ea5dbb2a863da4c8bd27e072d45509e54bc4a79ac6217a3a931892485bc14b3ad06e25b46b9cd680aabba3f08db9e6acd;30820608308203f0a00302010202102b2e6eead975366c148a6edba37c8c07300d06092a864886f70d01010c0500308185310b3009060355040613024742311b30190603550408131247726561746572204d616e636865737465723110300e0603550407130753616c666f7264311a3018060355040a1311434f4d4f444f204341204c696d69746564312b302906035504031322434f4d4f444f205253412043657274696669636174696f6e20417574686f72697479301e170d3134303231323030303030305a170d3239303231313233353935395a308190310b3009060355040613024742311b30190603550408131247726561746572204d616e636865737465723110300e0603550407130753616c666f7264311a3018060355040a1311434f4d4f444f204341204c696d69746564313630340603550403132d434f4d4f444f2052534120446f6d61696e2056616c69646174696f6e205365637572652053657276657220434130820122300d06092a864886f70d01010105000382010f003082010a02820101008ec20219e1a059a4eb38358d2cfd01d0d349c064c70b620545163aa8a0c00c027f1dccdbc4a16d7703a30f86f9e3069c3e0b818a9b491bad03befa4bdb8c20edd5ce5e658e3e0daf4cc2b0b7455e522f34de482464b441ae0097f7be67de9ed07aa753803b7cadf596556f97470a7c858b22978db384e09657d0701860968fee2d07939da1bacad1cd7be9c42a9a2821914d6f924f25a5f27a35dd26dc46a5d0ac59358cff4e9143503f59931e6c5121ee5814abfe7550783e4cb01c8613fa6b98bce03b941e8552dc039324186ecb275145e670de2543a40de14aa5edb67ec8cd6dee2e1d27735ddc453080aae3b2410bafbd4487dab9e51b9d7faee58582a50203010001a382016530820161301f0603551d23041830168014bbaf7e023dfaa6f13c848eadee3898ecd93232d4301d0603551d0e0416041490af6a3a945a0bd890ea125673df43b43a28dae7300e0603551d0f0101ff04040302018630120603551d130101ff040830060101ff020100301d0603551d250416301406082b0601050507030106082b06010505070302301b0603551d200414301230060604551d20003008060667810c010201304c0603551d1f044530433041a03fa03d863b687474703a2f2f63726c2e636f6d6f646f63612e636f6d2f434f4d4f444f52534143657274696669636174696f6e417574686f726974792e63726c307106082b0601050507010104653063303b06082b06010505073002862f687474703a2f2f6372742e636f6d6f646f63612e636f6d2f434f4d4f444f525341416464547275737443412e637274302406082b060105050730018618687474703a2f2f6f6373702e636f6d6f646f63612e636f6d300d06092a864886f70d01010c050003820201004e2b764f921c623689ba77c12705f41cd6449da99a3eaad56666013eea49e6a235bcfaf6dd958e9935980e361875b1dddd50727caedc7788ce0ff79020caa3672e1f567f7be144ea4295c45d0d01504615f28189596c8add8cf112a18d3a428a98f84b347b273b08b46f243b729d6374583c1a6c3f4fc7119ac8a8f5b537ef1045c66cd9e05e9526b3ebada3b9ee7f0c9a66357332604ee5dd8a612c6e5211776896d318755115001b7488dde1c738044328e916fdd905d45d472760d6fb383b6c72a294f8421adfed6f068c45c20600aae4e8dcd9b5e17378ecf623dcd1dd6c8e1a8fa5ea547c96b7c3fe558e8d495efc64bbcf3ebd96eb69cdbfe048f1628210e50c4657f233dad0c863edc61f9405964a1a91d1f7ebcf8f52ae0d08d93ea8a051e9c18774d5c9f774ab2e53fbbb7afb97e2f81f268fb3d2a0e0375b283b31e50e572d5ab8ad79ac5e20661aa5b9a6b539c1f59843ffeef9a7a7fdeeca243d8016c4178f8ac160a10cae5b4347914bd59a175ff9d487c1c28cb7e7e20f30193786ace0dc4203e694a89daefd0f245194ce9208d1fc50f003407b8859ed0eddacd2778234dc069502d890f92dea37d51a60d06720d7d8420b45af8268dedd66243790299419461925b880d7cbd486286a4470262362a99f866fbfba9070d256778578efea25a917ce50728c003aaae3db63349ff8067101e28220d4fe6fbdb1;308205743082045ca00302010202102766ee56eb49f38eabd770a2fc84de22300d06092a864886f70d01010c0500306f310b300906035504061302534531143012060355040a130b416464547275737420414231263024060355040b131d41646454727573742045787465726e616c20545450204e6574776f726b312230200603550403131941646454727573742045787465726e616c20434120526f6f74301e170d3030303533303130343833385a170d3230303533303130343833385a308185310b3009060355040613024742311b30190603550408131247726561746572204d616e636865737465723110300e0603550407130753616c666f7264311a3018060355040a1311434f4d4f444f204341204c696d69746564312b302906035504031322434f4d4f444f205253412043657274696669636174696f6e20417574686f7269747930820222300d06092a864886f70d01010105000382020f003082020a028202010091e85492d20a56b1ac0d24ddc5cf446774992b37a37d23700071bc53dfc4fa2a128f4b7f1056bd9f7072b7617fc94b0f17a73de3b00461eeff1197c7f4863e0afa3e5cf993e6347ad9146be79cb385a0827a76af7190d7ecfd0dfa9c6cfadfb082f4147ef9bec4a62f4f7f997fb5fc674372bd0c00d689eb6b2cd3ed8f981c14ab7ee5e36efcd8a8e49224da436b62b855fdeac1bc6cb68bf30e8d9ae49b6c6999f878483045d5ade10d3c4560fc32965127bc67c3ca2eb66bea46c7c720a0b11f65de4808baa44ea9f283463784ebe8cc814843674e722a9b5cbd4c1b288a5c227bb4ab98d9eee05183c309464e6d3e99fa9517da7c3357413c8d51ed0bb65caf2c631adf57c83fbce95dc49baf4599e2a35a24b4baa9563dcf6faaff4958bef0a8fff4b8ade937fbbab8f40b3af9e843421e89d884cb13f1d9bbe18960b88c2856ac141d9c0ae771ebcf0edd3da996a148bd3cf7afb50d224cc01181ec563bf6d3a2e25bb7b204225295809369e88e4c65f191032d707402ea8b671529695202bbd7df506a5546bfa0a328617f70d0c3a2aa2c21aa47ce289c064576bf821827b4d5aeb4cb50e66bf44c867130e9a6df1686e0d8ff40ddfbd042887fa3333a2e5c1e41118163ce18716b2beca68ab7315c3a6a47e0c37959d6201aaff26a98aa72bc574ad24b9dbb10fcb04c41e5ed1d3d5e289d9cccbfb351daa747e584530203010001a381f43081f1301f0603551d23041830168014adbd987a34b426f7fac42654ef03bde024cb541a301d0603551d0e04160414bbaf7e023dfaa6f13c848eadee3898ecd93232d4300e0603551d0f0101ff040403020186300f0603551d130101ff040530030101ff30110603551d20040a300830060604551d200030440603551d1f043d303b3039a037a0358633687474703a2f2f63726c2e7573657274727573742e636f6d2f416464547275737445787465726e616c4341526f6f742e63726c303506082b0601050507010104293027302506082b060105050730018619687474703a2f2f6f6373702e7573657274727573742e636f6d300d06092a864886f70d01010c0500038201010064bf83f15f9a85d0cdb8a129570de85af7d1e93ef276046ef15270bb1e3cff4d0d746acc818225d3c3a02a5d4cf5ba8ba16dc4540975c7e3270e5d847937401377f5b4ac1cd03bab1712d6ef34187e2be979d3ab57450caf28fad0dbe5509588bbdf8557697d92d852ca7381bf1cf3e6b86e661105b31e942d7f91959259f14ccea391714c7c470c3b0b19f6a1b16c863e5caac42e82cbf90796ba484d90f294c8a973a2eb067b239ddea2f34d559f7a6145981868c75e406b23f5797aef8cb56b8bb76f46f47bf13d4b04d89380595ae041241db28f15605847dbef6e46fd15f5d95f9ab3dbd8b8e440b3cd9739ae85bb1d8ebcdc879bd1a6eff13b6f10386f,
331,71.189653000,6,103.198.0.2,10.12.28.101,443,49170,,,219,20,0x00000018,20,0x00000303,0,202,22,,
332,71.189748000,6,10.12.28.101,103.198.0.2,49170,443,,,40,20,0x00000010,20,,0,5284,,,
333,71.190762000,6,10.12.28.101,103.198.0.2,49171,443,,,206,20,0x00000018,20,0x00000303,0,5284,22,,
334,71.190767000,6,103.198.0.2,10.12.28.101,443,49171,,,40,20,0x00000010,20,,0,368,,,
335,71.211853000,6,10.12.28.101,103.198.0.2,49170,443,,,206,20,0x00000018,20,0x00000303,0,5284,22,,
336,71.211868000,6,103.198.0.2,10.12.28.101,443,49170,,,40,20,0x00000010,20,,0,368,,,
337,71.312225000,6,103.198.0.2,10.12.28.101,443,49171,,,131,20,0x00000018,20,0x00000303,0,368,20,,
338,71.312362000,6,10.12.28.101,103.198.0.2,49171,443,,,40,20,0x00000010,20,,0,5375,,,
339,71.315937000,6,10.12.28.101,103.198.0.2,49171,443,,,429,20,0x00000018,20,0x00000303,0,5375,23,,
340,71.315997000,6,103.198.0.2,10.12.28.101,443,49171,,,40,20,0x00000010,20,,0,757,,,
341,71.333254000,6,103.198.0.2,10.12.28.101,443,49170,,,131,20,0x00000018,20,0x00000303,0,368,20,,
342,71.333383000,6,10.12.28.101,103.198.0.2,49170,443,,,40,20,0x00000010,20,,0,5375,,,
343,71.336206000,6,10.12.28.101,103.198.0.2,49170,443,,,429,20,0x00000018,20,0x00000303,0,5375,23,,
344,71.336261000,6,103.198.0.2,10.12.28.101,443,49170,,,40,20,0x00000010,20,,0,757,,,
345,72.524640000,6,74.220.219.67,10.12.28.101,80,49164,,,40,20,0x00000019,20,,0,263,,,
346,72.524739000,6,10.12.28.101,74.220.219.67,49164,80,,,40,20,0x00000010,20,,0,318,,,
347,74.275062000,6,103.198.0.2,10.12.28.101,443,49171,,,1500,20,0x00000010,20,,0,757,,,
348,74.275078000,6,103.198.0.2,10.12.28.101,443,49171,,,1132,20,0x00000018,20,,0,757,,,
349,74.275269000,6,10.12.28.101,103.198.0.2,49171,443,,,40,20,0x00000010,20,,0,7927,,,
350,74.275908000,6,103.198.0.2,10.12.28.101,443,49171,,,1500,20,0x00000010,20,,0,757,,,
351,74.275917000,6,103.198.0.2,10.12.28.101,443,49171,,,1105,20,0x00000018,20,0x00000303,0,757,23,,
352,74.276096000,6,10.12.28.101,103.198.0.2,49171,443,,,40,20,0x00000010,20,,0,10452,,,
353,75.741005000,6,103.198.0.2,10.12.28.101,443,49170,,,1500,20,0x00000010,20,,0,757,,,
354,75.741020000,6,103.198.0.2,10.12.28.101,443,49170,,,1132,20,0x00000018,20,,0,757,,,
355,75.741093000,6,10.12.28.101,103.198.0.2,49170,443,,,40,20,0x00000010,20,,0,7927,,,
356,75.741425000,6,103.198.0.2,10.12.28.101,443,49170,,,1316,20,0x00000018,20,,0,757,,,
357,75.741430000,6,103.198.0.2,10.12.28.101,443,49170,,,1316,20,0x00000018,20,,0,757,,,
358,75.741431000,6,103.198.0.2,10.12.28.101,443,49170,,,1316,20,0x00000018,20,,0,757,,,
359,75.741519000,6,103.198.0.2,10.12.28.101,443,49170,,,1316,20,0x00000018,20,,0,757,,,
360,75.741523000,6,103.198.0.2,10.12.28.101,443,49170,,,1316,20,0x00000018,20,,0,757,,,
361,75.741681000,6,10.12.28.101,103.198.0.2,49170,443,,,40,20,0x00000010,20,,0,11755,,,
362,75.741684000,6,103.198.0.2,10.12.28.101,443,49170,,,1316,20,0x00000018,20,,0,757,,,
363,75.741812000,6,10.12.28.101,103.198.0.2,49170,443,,,40,20,0x00000010,20,,0,16859,,,
364,75.741816000,6,103.198.0.2,10.12.28.101,443,49170,,,1316,20,0x00000018,20,,0,757,,,
365,75.741902000,6,10.12.28.101,103.198.0.2,49170,443,,,40,20,0x00000010,20,,0,18135,,,
366,75.866885000,6,103.198.0.2,10.12.28.101,443,49170,,,1500,20,0x00000010,20,,0,757,,,
367,75.866902000,6,103.198.0.2,10.12.28.101,443,49170,,,1132,20,0x00000018,20,,0,757,,,
368,75.867121000,6,10.12.28.101,103.198.0.2,49170,443,,,40,20,0x00000010,20,,0,20687,,,
369,75.867233000,6,103.198.0.2,10.12.28.101,443,49170,,,1316,20,0x00000018,20,,0,757,,,
370,75.867239000,6,103.198.0.2,10.12.28.101,443,49170,,,1316,20,0x00000018,20,,0,757,,,
371,75.867534000,6,10.12.28.101,103.198.0.2,49170,443,,,40,20,0x00000010,20,,0,23239,,,
372,75.879094000,6,103.198.0.2,10.12.28.101,443,49170,,,1316,20,0x00000018,20,,0,757,,,
373,75.879226000,6,10.12.28.101,103.198.0.2,49170,443,,,40,20,0x00000010,20,,0,24515,,,
374,75.880116000,6,103.198.0.2,10.12.28.101,443,49170,,,1316,20,0x00000018,20,,0,757,,,
375,75.880426000,6,10.12.28.101,103.198.0.2,49170,443,,,40,20,0x00000010,20,,0,25791,,,
376,75.880660000,6,103.198.0.2,10.12.28.101,443,49170,,,1316,20,0x00000018,20,,0,757,,,
377,75.880788000,6,103.198.0.2,10.12.28.101,443,49170,,,1316,20,0x00000018,20,,0,757,,,
378,75.880794000,6,103.198.0.2,10.12.28.101,443,49170,,,1316,20,0x00000018,20,,0,757,,,
379,75.880925000,6,103.198.0.2,10.12.28.101,443,49170,,,1316,20,0x00000018,20,,0,757,,,
380,75.881044000,6,103.198.0.2,10.12.28.101,443,49170,,,1316,20,0x00000018,20,,0,757,,,
381,75.881050000,6,103.198.0.2,10.12.28.101,443,49170,,,1316,20,0x00000018,20,,0,757,,,
382,75.881265000,6,103.198.0.2,10.12.28.101,443,49170,,,1316,20,0x00000018,20,,0,757,,,
383,75.881270000,6,103.198.0.2,10.12.28.101,443,49170,,,1316,20,0x00000018,20,,0,757,,,
384,75.881273000,6,103.198.0.2,10.12.28.101,443,49170,,,1316,20,0x00000018,20,,0,757,,,
385,75.881274000,6,103.198.0.2,10.12.28.101,443,49170,,,1316,20,0x00000018,20,0x00000303,0,757,23,,
386,75.881389000,6,10.12.28.101,103.198.0.2,49170,443,,,40,20,0x00000010,20,,0,39422,,,
387,75.881526000,6,10.12.28.101,103.198.0.2,49170,443,,,40,20,0x00000010,20,,0,39422,,,
388,81.918793000,6,103.198.0.2,10.12.28.101,443,49169,,,1316,20,0x00000018,20,,0,693,,,
389,81.918946000,6,10.12.28.101,103.198.0.2,49169,443,,,40,20,0x00000010,20,,0,6651,,,
390,81.919469000,6,103.198.0.2,10.12.28.101,443,49169,,,209,20,0x00000018,20,0x00000303,0,693,23,,
391,81.919599000,6,10.12.28.101,103.198.0.2,49169,443,,,40,20,0x00000010,20,,0,6820,,,
392,131.071283000,6,103.198.0.2,10.12.28.101,443,49168,,,445,20,0x00000018,20,0x00000303,0,2063,23,,
393,131.071391000,6,10.12.28.101,103.198.0.2,49168,443,,,40,20,0x00000010,20,,0,8169,,,
394,131.171607000,6,10.12.28.101,103.198.0.2,49168,443,,,317,20,0x00000018,20,0x00000303,0,8169,23,,
395,131.171692000,6,103.198.0.2,10.12.28.101,443,49168,,,40,20,0x00000010,20,,0,2340,,,
396,132.486315000,6,103.198.0.2,10.12.28.101,443,49168,,,541,20,0x00000018,20,0x00000303,0,2340,23,,
397,132.486590000,6,10.12.28.101,103.198.0.2,49168,443,,,40,20,0x00000010,20,,0,8670,,,
398,139.263532000,6,103.198.0.2,10.12.28.101,443,49171,,,109,20,0x00000018,20,0x00000303,0,757,21,,
399,139.263590000,6,10.12.28.101,103.198.0.2,49171,443,,,40,20,0x00000010,20,,0,10521,,,
400,139.269405000,6,103.198.0.2,10.12.28.101,443,49171,,,40,20,0x00000019,20,,0,757,,,
401,139.269477000,6,10.12.28.101,103.198.0.2,49171,443,,,40,20,0x00000010,20,,0,10522,,,
402,140.899452000,6,103.198.0.2,10.12.28.101,443,49170,,,109,20,0x00000019,20,0x00000303,0,757,21,,
403,140.899521000,6,10.12.28.101,103.198.0.2,49170,443,,,40,20,0x00000010,20,,0,39492,,,
404,147.042470000,6,103.198.0.2,10.12.28.101,443,49169,,,109,20,0x00000018,20,0x00000303,0,693,21,,
405,147.042616000,6,103.198.0.2,10.12.28.101,443,49169,,,40,20,0x00000019,20,,0,693,,,
406,147.042982000,6,10.12.28.101,103.198.0.2,49169,443,,,40,20,0x00000010,20,,0,6890,,,
407,180.906872000,6,10.12.28.101,74.220.219.67,49164,80,,,40,20,0x00000011,20,,0,318,,,
408,180.906873000,6,74.220.219.67,10.12.28.101,80,49164,,,40,20,0x00000010,20,,0,264,,,
409,186.496421000,6,10.12.28.101,103.198.0.2,49169,443,,,40,20,0x00000011,20,,0,6890,,,
410,186.496427000,6,103.198.0.2,10.12.28.101,443,49169,,,40,20,0x00000010,20,,0,694,,,
411,186.496429000,6,10.12.28.101,103.198.0.2,49169,443,,,40,20,0x00000014,20,,0,6890,,,
412,186.496721000,6,10.12.28.101,103.198.0.2,49170,443,,,40,20,0x00000011,20,,0,39492,,,
413,186.496800000,6,10.12.28.101,103.198.0.2,49170,443,,,40,20,0x00000014,20,,0,39492,,,
414,186.496803000,6,103.198.0.2,10.12.28.101,443,49170,,,40,20,0x00000010,20,,0,758,,,
415,186.497194000,6,10.12.28.101,103.198.0.2,49171,443,,,40,20,0x00000011,20,,0,10522,,,
416,186.497211000,6,10.12.28.101,103.198.0.2,49171,443,,,40,20,0x00000014,20,,0,10522,,,
417,186.497213000,6,103.198.0.2,10.12.28.101,443,49171,,,40,20,0x00000010,20,,0,758,,,
418,197.419242000,6,103.198.0.2,10.12.28.101,443,49168,,,109,20,0x00000018,20,0x00000303,0,2340,21,,
419,197.419259000,6,103.198.0.2,10.12.28.101,443,49168,,,40,20,0x00000019,20,,0,2340,,,
420,197.419348000,6,10.12.28.101,103.198.0.2,49168,443,,,40,20,0x00000010,20,,0,8740,,,
421,253.723323000,17,10.12.28.101,10.12.28.1,,,60934,53,73,20,,,,0,,,,
422,253.860980000,17,10.12.28.1,10.12.28.101,,,53,60934,89,20,,,,0,,,,
423,296.635021000,6,10.12.28.101,103.198.0.2,49168,443,,,40,20,0x00000011,20,,0,8740,,,
424,296.635040000,6,103.198.0.2,10.12.28.101,443,49168,,,40,20,0x00000010,20,,0,2341,,,
425,296.635042000,6,10.12.28.101,103.198.0.2,49168,443,,,40,20,0x00000014,20,,0,8740,,,
